je voudrais un trajet de cérons vers luc-en-diois,1
je voudrais un voyage de bons-en-chablais à baroncourt,1
Je voudrais un trajet de sains du thiaville vers brest.,1
Je voudrais un voyage de longpré-corps-saints à chambéry-chal.-les-eaux,1
je voudrais un trajet de bons-en-chablais vers longpré-corps-saints,1
je voudrais un voyage de donjeux à montaignac-st-hippolyte,1
baroncourt voudrais un trajet de romilly-la-puthenaye vers longpré-corps-saints,1
baroncourt voudrais un voyage de brion-laizy à sains du nord,1
J voudrais un trajet de thiaville vers tournemire-roquefort,1
Je voudrais un voyage de lamothe-landerron à romilly-la-puthenaye,1
longpré-corps-saints voudrais un trajet de tournemire-roquefort vers longueil-annel,1
Je voudrais un voyage de longpré-corps-saints à baroncourt,1
je cherche un trajet de chambéry-chal.-les-eaux vers chambéry-chal.-les-eaux,1
Je cherche un itinéraire de bons-en-chablais à lamothe-landerron,1
je recherche un trajet de luc-en-diois vers baroncourt,1
Je cherche un itinéraire de thiaville à montaignac-st-hippolyte,1
je souhaite un trajet de baroncourt vers longueil-annel,1
Je voudrais un voyage de lamothe-landerron à baroncourt,1
je fais un trajet de longpré-corps-saints vers volvic,1
Je voyage de chambéry-chal.-les-eaux à brion-laizy,1
je souhaiterais un trajet de sains du sains du nord vers brest.,1
je voudrais un voyage de sains du brion-laizy à brest.,1
je voudrais un trajet de cérons vers longpré-corps-saints,1
je voudrais un voyage de longpré-corps-saints à chambéry-chal.-les-eaux,1
je voudrais le trajet de paris vers montaignac-st-hippolyte,1
je voudrais le voyage de paris à tournemire-roquefort,1
je voudrais votre trajet de brion-laizy vers volvic,1
je voudrais votre voyage de longpré-corps-saints à baroncourt,1
je voudrais faire trajet de bons-en-chablais vers templeuve,1
je voudrais voyager de longueil-annel à donjeux,1
je voudrais mon trajet de longueil-annel vers longpré-corps-saints,1
je voudrais mon voyage de paris à montaignac-st-hippolyte,1
je voudrais un covoiturage de thiaville vers luc-en-diois,1
je souhaite faire du covoiturage de brion-laizy à montaignac-st-hippolyte,1
je voudrais un taxi de brion-laizy vers montaignac-st-hippolyte,1
je voudrais un taxi de tournemire-roquefort à cap-d'ail,1
je voudrais un déménagement de luc-en-diois vers cérons,1
je voudrais déménager de lamothe-landerron à donjeux,1
je voudrais un transport de longueil-annel vers montaignac-st-hippolyte,1
je souhaite un transport de sains du montaignac-st-hippolyte à brest.,1
je voudrais un chauffeur de volvic vers brion-laizy,1
je voudrais un chauffeur de sains du thiaville à brest.,1
je voudrais un trajet de baroncourt vers longpré-corps-saints,1
je voudrais un voyage de sains du templeuve à brest.,1
je voudrais un trajet depuis donjeux vers chambéry-chal.-les-eaux,1
je voudrais un voyage de cérons à baroncourt,1
je voudrais un trajet aller tournemire-roquefort vers cap-d'ail,1
je voudrais un aller simple de longpré-corps-saints à bons-en-chablais,1
je voudrais un trajet pour baroncourt vers lamothe-landerron,1
Je voudrais un voyage de baroncourt à donjeux,1
je voudrais un trajet retour thiaville vers chambéry-chal.-les-eaux,1
Je souhaite un aller-retour de montaignac-st-hippolyte à lamothe-landerron,1
je voudrais un trajet de tournemire-roquefort vers tournemire-roquefort,1
je voudrais un voyage de cap-d'ail à volvic,1
je voudrais un trajet de longueil-annel vers chambéry-chal.-les-eaux,1
je voudrais un voyage de longueil-annel à cérons,1
je voudrais un trajet de lamothe-landerron vers longueil-annel,1
je voudrais un voyage de renne à bons-en-chablais,1
je voudrais un trajet de luc-en-diois vers longpré-corps-saints,1
Je voudrais un voyage de longueil-annel à romilly-la-puthenaye,1
je voudrais un trajet de longueil-annel vers lamothe-landerron,1
je voudrais un voyage de montaignac-st-hippolyte à romilly-la-puthenaye,1
je voudrais un trajet de bons-en-chablais à sains du nord,1
je voudrais un voyage de cérons à romilly-la-puthenaye,1
je voudrais un trajet de luc-en-diois a brest.,1
je voudrais un voyage de cérons à bons-en-chablais,1
je voudrais un trajet de templeuve vers volvic,1
je voudrais un voyage de thiaville à longpré-corps-saints,1
je voudrais un trajet de bons-en-chablais ou romilly-la-puthenaye,1
je voudrais un trajet depuis cap-d'ail ou thiaville,1
je voudrais un trajet de montaignac-st-hippolyte et longpré-corps-saints,1
je voudrais un voyage de templeuve et volvic,1
je voudrais un trajet de luc-en-diois vers lyon,1
je voudrais un voyage de baroncourt à lyon,1
je voudrais un trajet de sains du chambéry-chal.-les-eaux vers paris,1
Je voudrais un voyage de cérons à chambéry-chal.-les-eaux,1
je voudrais un trajet de brion-laizy vers thiaville,1
je voudrais un voyage de sains du nord à bordeaux,1
je voudrais un trajet de baroncourt vers luc-en-diois,1
je voudrais un voyage de thiaville à toulouse,1
je voudrais un trajet de longpré-corps-saints vers marseille,1
je voudrais un voyage de luc-en-diois à marseille,1
je veux aller de chambéry-chal.-les-eaux à luc-en-diois,1
Je veux aller de sains du romilly-la-puthenaye à Paris.,1
Je veux aller de montaignac-st-hippolyte à luc-en-diois,1
Je veux aller de sains du longueil-annel à Paris.,1
je veux aller de thiaville à baroncourt,1
Je veux aller de longpré-corps-saints à brion-laizy,1
JE veux aller de tournemire-roquefort à luc-en-diois,1
Je veux aller de volvic à romilly-la-puthenaye,1
Tu veux aller de templeuve à baroncourt,1
Vous voulez aller de montaignac-st-hippolyte à chambéry-chal.-les-eaux,1
J veux aller de sains du volvic à paris.,1
Je veux aller de donjeux à thiaville,1
je souhaite aller de brion-laizy à longueil-annel,1
Je veux aller de cérons à lamothe-landerron,1
je voudrais aller de montaignac-st-hippolyte à baroncourt,1
Je voudrais aller de cérons à longueil-annel,1
je souhaiterais aller de brion-laizy à cap-d'ail,1
Je voudrais aller de sains du sains du nord à Paris.,1
je veux aller de volvic à romilly-la-puthenaye,1
Je veux aller de longueil-annel à longpré-corps-saints,1
je dois aller de templeuve à chambéry-chal.-les-eaux,1
Je dois aller de cap-d'ail à longueil-annel,1
je veux voyager de luc-en-diois à chambéry-chal.-les-eaux,1
Je veux voyager de cérons à chambéry-chal.-les-eaux,1
je veux déménager de baroncourt à brion-laizy,1
Je souhaite déménager de bons-en-chablais à tournemire-roquefort,1
je veux baiser de nantes à sains du nord,1
Je veux baiser de Nantes à sains du nord,1
je veux aller de cap-d'ail à chambéry-chal.-les-eaux,1
Je veux aller de bons-en-chablais à cap-d'ail,1
je veux passer de donjeux à montaignac-st-hippolyte,1
Je souhaite déménager de volvic à bons-en-chablais,1
je veux aller de chambéry-chal.-les-eaux à romilly-la-puthenaye,1
Je veux aller de cap-d'ail à volvic,1
je veux aller à baroncourt à volvic,1
Je veux aller à thiaville à tournemire-roquefort,1
je veux aller visiter cap-d'ail à longueil-annel,1
Je veux visiter brion-laizy à longpré-corps-saints,1
je veux aller du bons-en-chablais à montaignac-st-hippolyte,1
Je veux aller de donjeux à donjeux,1
je veux aller sur romilly-la-puthenaye à longpré-corps-saints,1
Je veux aller à tournemire-roquefort à longueil-annel,1
je veux aller de longpré-corps-saints à brion-laizy,1
je veux aller de volvic à longueil-annel,1
je veux aller de cérons à chambéry-chal.-les-eaux,1
je veux aller de cap-d'ail à templeuve,1
je veux aller de montaignac-st-hippolyte à sains du nord,1
Je veux aller de donjeux à chambéry-chal.-les-eaux,1
je veux aller de brion-laizy à donjeux,1
Je veux aller de volvic à lamothe-landerron,1
je veux aller de longueil-annel à volvic,1
Je veux aller de brion-laizy à chambéry-chal.-les-eaux,1
je veux aller de templeuve à longueil-annel,1
Je veux aller de templeuve à longpré-corps-saints,1
je veux aller de longueil-annel a volvic,1
Je veux aller de sains du montaignac-st-hippolyte à Paris.,1
je veux aller de tournemire-roquefort vers cap-d'ail,1
Je veux aller de tournemire-roquefort à longpré-corps-saints,1
je veux aller de brion-laizy sur baroncourt,1
Je veux aller de longueil-annel à baroncourt,1
je veux aller de thiaville en luc-en-diois,1
Je veux aller de romilly-la-puthenaye à thiaville,1
je veux aller de lamothe-landerron à sains du nord,1
Je veux aller de brion-laizy à luc-en-diois,1
je veux aller de chambéry-chal.-les-eaux à lyon,1
je veux aller de donjeux à lyon,1
je veux aller de baroncourt à romilly-la-puthenaye,1
Je veux aller de romilly-la-puthenaye à brion-laizy,1
je veux aller de sains du cap-d'ail à rennes,1
Je veux aller de luc-en-diois à cérons,1
je veux aller de brion-laizy à chambéry-chal.-les-eaux,1
Je veux aller de sains du bons-en-chablais à Marseille,1
aide moi à aller de longueil-annel à lille,1
aide moi a aller de cap-d'ail a lille,1
aidez moi à aller de thiaville à lille,1
aide moi a aller de montaignac-st-hippolyte a lille,1
aide moi à aller de chambéry-chal.-les-eaux à lille,1
Aide moi à aller de romilly-la-puthenaye à lille,1
Aide-moi à aller de montaignac-st-hippolyte à lille,1
aider moi à aller de templeuve à lille,1
aide moi a aller de templeuve a lille,1
préparez moi à aller de lamothe-landerron à lille,1
prépare moi à aller de volvic à lille,1
aide moi à aller de cap-d'ail à lille,1
aide moi a aller de luc-en-diois a lille,1
aide aide à aller de sains du nord à lille,1
aide aide pour aller de lamothe-landerron à lille,1
aide personne à aller de cérons à lille,1
aider n'importe qui à aller de templeuve à lille,1
aide vous à aller de donjeux à lille,1
vous aider à aller de romilly-la-puthenaye à lille,1
aide toi à aller de volvic à lille,1
vous aider à aller de baroncourt à lille,1
aide moi à aller de templeuve à lille,1
aide moi pour aller de donjeux à lille,1
aide moi a aller de longueil-annel a lille,1
aide moi a aller de baroncourt à lille,1
aide moi comment aller de baroncourt à lille,1
aidez moi comment aller de brion-laizy a lille,1
aide moi svp aller de longpré-corps-saints à lille,1
s'il vous plaît aidez-moi à aller de tournemire-roquefort à lille,1
aide moi à voyager de romilly-la-puthenaye à lille,1
aidez-moi à voyager de baroncourt à lille,1
aide moi à déménager de luc-en-diois à lille,1
aidez-moi à déménager de chambéry-chal.-les-eaux à lille,1
aide moi à marcher de tournemire-roquefort à lille,1
aidez moi à marcher de romilly-la-puthenaye à lille,1
aide moi à conduire de thiaville à lille,1
aidez-moi à conduire de baroncourt à lille,1
aide moi à aller de romilly-la-puthenaye à lille,1
aide moi à aller de montaignac-st-hippolyte à lille,1
aide moi a aller de tournemire-roquefort a lille,1
aide moi à aller à chambéry-chal.-les-eaux à volvic,1
aidez moi à aller de volvic à lille,1
aide moi à aller sur longpré-corps-saints à lille,1
aide moi a aller a baroncourt a lille,1
aide moi à aller visiter lamothe-landerron à thiaville,1
aidez moi a aller visiter baroncourt a lille,1
aide moi à aller du romilly-la-puthenaye à lille,1
aide moi a aller de thiaville a lille,1
aide moi à aller de luc-en-diois à lille,1
aidez moi à aller de baroncourt à lille,1
aide moi à aller de chambéry-chal.-les-eaux à brion-laizy,1
aidez moi à aller de baroncourt à luc-en-diois,1
aide moi à aller de thiaville à montaignac-st-hippolyte,1
aidez moi à aller de sains du cérons à lille,1
aidez moi à aller de lamothe-landerron à lille,1
aide moi a aller de baroncourt a lille,1
aide moi à aller de tournemire-roquefort a lille,1
aide moi a aller de sains du nord a lille,1
aide moi à aller de longueil-annel vers lille,1
aide moi a aller de chambéry-chal.-les-eaux a lille,1
aide moi à aller de tournemire-roquefort sur lille,1
aide moi à aller de brion-laizy et lille,1
aide moi a aller de tournemire-roquefort et lille,1
aide moi à aller de tournemire-roquefort à montaignac-st-hippolyte,1
aide moi a aller de thiaville a marseille,1
aide moi à aller de volvic à donjeux,1
aidez moi à aller de montaignac-st-hippolyte à cap-d'ail,1
aide moi à aller de longueil-annel à bons-en-chablais,1
aidez moi à aller de tournemire-roquefort à templeuve,1
aide moi à aller de thiaville à luc-en-diois,1
aide moi a aller de brion-laizy a toulouse,1
aide moi à aller de cap-d'ail à templeuve,1
aidez moi à aller de luc-en-diois à thiaville,1
je veux faire toulouse bordeaux.,1
Je veux faire Toulouse Bordeaux.,1
Je veux faire toulouse bordeaux.,1
thiaville veux faire toulouse bordeaux.,1
Tu veux faire toulouse bordeaux.,1
Vous voulez faire de Toulouse Bordeaux.,1
J veux faire toulouse bordeaux.,1
je voudrais faire toulouse bordeaux.,1
Je voudrais faire Toulouse Bordeaux.,1
je souhaite faire toulouse bordeaux.,1
je souhaiterais faire toulouse bordeaux.,1
je voulais faire toulouse bordeaux.,1
Je voulais faire Toulouse Bordeaux.,1
je veux baiser toulouse bordeaux.,1
Je veux baiser Toulouse Bordeaux.,1
je veux rencontrer toulouse bordeaux.,1
Je veux rencontrer Toulouse Bordeaux.,1
je veux rencontre toulouse bordeaux.,1
je veux escort toulouse bordeaux.,1
Je veux une escorte toulouse bordeaux.,1
je veux massage toulouse bordeaux.,1
Je veux un massage toulouse bordeaux.,1
je veux faire colocation bordeaux.,1
Je veux partager longueil-annel,1
je veux faire du baroncourt,1
Je veux faire du bordeaux.,1
je veux faire un bordeaux.,1
Je veux faire un bordeaux.,1
je veux faire à chambéry-chal.-les-eaux,1
Je veux faire à romilly-la-puthenaye,1
je veux faire sur volvic,1
je veux faire toulouse!,1
Je veux faire romilly-la-puthenaye !,1
je veux faire bons-en-chablais autrement,1
Je veux faire tournemire-roquefort autrement,1
je veux faire toulouse centre,1
Je veux aller à donjeux centre,1
je veux faire toulouse ville,1
je veux faire la ville de thiaville,1
je veux faire toulouse?,1
Je veux faire romilly-la-puthenaye ?,1
je veut arriver à cap-d'ail en partant de baroncourt,1
Je veux arriver à lamothe-landerron depuis volvic,1
je veut arriver à longueil-annel en partant de romilly-la-puthenaye,1
Je veux arriver à baroncourt depuis romilly-la-puthenaye,1
Je veut arriver à longpré-corps-saints en partant de lamothe-landerron,1
Je veux arriver à montaignac-st-hippolyte depuis sains du nord,1
on veut arriver à lamothe-landerron en partant de tournemire-roquefort,1
nous voulons arriver à luc-en-diois depuis templeuve,1
qui veut arriver à luc-en-diois en partant de tournemire-roquefort,1
qui veut se rendre à donjeux depuis sains du nord,1
On veut arriver à montaignac-st-hippolyte en partant de luc-en-diois,1
Nous voulons arriver à templeuve depuis montaignac-st-hippolyte,1
je souhaite arriver à sains du nord en montaignac-st-hippolyte de lyon.,1
je veux arriver à templeuve depuis sains du nord,1
je voudrais arriver à thiaville en partant de chambéry-chal.-les-eaux,1
je voudrais arriver à montaignac-st-hippolyte depuis lamothe-landerron,1
je souhaiterais arriver à donjeux en partant de volvic,1
je voudrais arriver à donjeux depuis templeuve,1
je vais arriver à sains du nord en cap-d'ail de lyon.,1
j'arriverai à volvic depuis thiaville,1
je dois arriver à longpré-corps-saints en partant de tournemire-roquefort,1
Je dois arriver à longpré-corps-saints depuis montaignac-st-hippolyte,1
je veut travailler à sains du nord en longueil-annel de lyon.,1
Je souhaite travailler à templeuve depuis tournemire-roquefort,1
je veut venir à volvic en partant de romilly-la-puthenaye,1
Je veux venir à volvic depuis montaignac-st-hippolyte,1
je veut aller à donjeux en partant de chambéry-chal.-les-eaux,1
Je veux aller à romilly-la-puthenaye depuis sains du nord,1
je veut déménager à bons-en-chablais en partant de templeuve,1
Je souhaite déménager à brion-laizy depuis donjeux,1
je veut habiter à luc-en-diois en partant de tournemire-roquefort,1
Je veux vivre à donjeux en partant de cérons,1
je veut arriver a nantes en partant de longueil-annel,1
Je veux arriver à brion-laizy depuis cap-d'ail,1
je veut arriver à cérons en partant de donjeux,1
Je veux arriver à tournemire-roquefort depuis brion-laizy,1
je veut arriver sur donjeux en partant de bons-en-chablais,1
Je souhaite arriver à luc-en-diois depuis romilly-la-puthenaye,1
je veut arriver vers brion-laizy en partant de lamothe-landerron,1
Je veux arriver à volvic depuis cap-d'ail,1
je veut arriver de bons-en-chablais en partant de longpré-corps-saints,1
Je souhaite arriver à tournemire-roquefort depuis romilly-la-puthenaye,1
je veut arriver à templeuve en partant de cérons,1
Je veux arriver à longpré-corps-saints depuis volvic,1
je veut arriver à luc-en-diois en partant de romilly-la-puthenaye,1
Je veux me rendre à longueil-annel depuis donjeux,1
je veut arriver à volvic en partant de volvic,1
Je souhaite arriver à bons-en-chablais depuis baroncourt,1
je veut arriver à donjeux en partant de lamothe-landerron,1
Je veux arriver à montaignac-st-hippolyte depuis cap-d'ail,1
je veut arriver à grenoble en partant de romilly-la-puthenaye,1
Je veux me rendre à romilly-la-puthenaye depuis longueil-annel,1
je veut arriver à thiaville en partant de templeuve,1
Je veux arriver à thiaville depuis longpré-corps-saints,1
je veut arriver à longueil-annel et partant de cérons,1
Je veux arriver à volvic et repartir de montaignac-st-hippolyte,1
je veut arriver à templeuve mais partant de luc-en-diois,1
Je veux arriver à longueil-annel mais partir de longpré-corps-saints,1
je veut arriver à sains du nord car donjeux de lyon.,1
Je souhaite arriver à tournemire-roquefort car je pars de longpré-corps-saints,1
je veut arriver à sains du nord rapidement lamothe-landerron de lyon.,1
Je veux arriver rapidement à templeuve depuis volvic,1
je veut arriver à chambéry-chal.-les-eaux en direct de volvic,1
Je souhaite arriver à luc-en-diois directement depuis brion-laizy,1
je veut arriver à bons-en-chablais en partant de romilly-la-puthenaye,1
Je veux arriver à donjeux depuis cap-d'ail,1
je veut arriver à longueil-annel en venant de bons-en-chablais,1
Je veux arriver à longueil-annel depuis chambéry-chal.-les-eaux,1
je veut arriver à montaignac-st-hippolyte en provenance de montaignac-st-hippolyte,1
Je souhaite arriver à baroncourt depuis longpré-corps-saints,1
je veut arriver à cérons en direction de longueil-annel,1
Je veux arriver à templeuve en direction de cérons,1
je veut arriver à chambéry-chal.-les-eaux en partant de cérons,1
Je veux arriver à volvic depuis donjeux,1
je veut arriver à baroncourt en partant depuis cap-d'ail,1
Je veux arriver à chambéry-chal.-les-eaux depuis lamothe-landerron,1
je veut arriver à templeuve en partant vers longpré-corps-saints,1
Je veux arriver à donjeux depuis longueil-annel,1
je veut arriver à brion-laizy en partant du lyon.,1
Je veux arriver à longueil-annel depuis cap-d'ail,1
je veut arriver à templeuve en partant pour sains du nord,1
Je veux arriver à baroncourt en partant pour volvic,1
je veut arriver à donjeux en partant de bons-en-chablais,1
Je veux arriver à volvic depuis volvic,1
je veut arriver à thiaville en partant de lyon,1
Je veux arriver à cap-d'ail depuis luc-en-diois,1
je veut arriver à brion-laizy en partant de baroncourt,1
Je veux arriver à luc-en-diois depuis brion-laizy,1
je veut arriver à cap-d'ail en partant de bons-en-chablais,1
Je veux arriver à thiaville depuis sains du nord,1
je veut arriver à templeuve en partant de marseille,1
Je veux arriver à luc-en-diois depuis bons-en-chablais,1
je voudrais aller de montaignac-st-hippolyte à thiaville,1
je voudrais aller de bons-en-chablais à montaignac-st-hippolyte,1
Je voudrais aller de longpré-corps-saints à montaignac-st-hippolyte,1
Je voudrais aller de chambéry-chal.-les-eaux à luc-en-diois,1
je voudrais aller de longpré-corps-saints à chambéry-chal.-les-eaux,1
je voudrais aller de romilly-la-puthenaye à luc-en-diois,1
romilly-la-puthenaye voudrais aller de chambéry-chal.-les-eaux à cap-d'ail,1
Je voudrais aller de baroncourt à lamothe-landerron,1
J voudrais aller de longueil-annel à chambéry-chal.-les-eaux,1
Je voudrais aller de volvic à montaignac-st-hippolyte,1
j voudrais aller de luc-en-diois à romilly-la-puthenaye,1
Je voudrais aller de cérons à volvic,1
je souhaite aller de cérons à cérons,1
Je veux aller de baroncourt à volvic,1
je voudrais aller de longueil-annel à bons-en-chablais,1
je voudrais aller de chambéry-chal.-les-eaux à tournemire-roquefort,1
je souhaiterais aller de tournemire-roquefort à cap-d'ail,1
Je voudrais aller de lamothe-landerron à donjeux,1
je veux aller de chambéry-chal.-les-eaux à donjeux,1
je veux aller de sains du baroncourt à nantes.,1
je dois aller de montaignac-st-hippolyte à montaignac-st-hippolyte,1
Je dois aller de volvic à tournemire-roquefort,1
je voudrais voyager de cérons à bons-en-chablais,1
je voudrais voyager de lamothe-landerron à cérons,1
je voudrais déménager de brion-laizy à lamothe-landerron,1
je voudrais déménager de sains du lamothe-landerron à nantes.,1
je voudrais aller de lamothe-landerron à baroncourt,1
je voudrais aller de montaignac-st-hippolyte à chambéry-chal.-les-eaux,1
je voudrais travailler de cap-d'ail à baroncourt,1
je voudrais travailler de sains du baroncourt à nantes.,1
je voudrais passer de volvic à luc-en-diois,1
je voudrais aller de brion-laizy à sains du nord,1
je voudrais aller de montaignac-st-hippolyte à luc-en-diois,1
je voudrais aller de templeuve à templeuve,1
je voudrais aller à chambéry-chal.-les-eaux à lamothe-landerron,1
je voudrais aller visiter sains du sains du nord à nantes.,1
je voudrais visiter cérons à chambéry-chal.-les-eaux,1
je voudrais aller relier volvic à sains du nord,1
Je voudrais aller de luc-en-diois à brion-laizy,1
je voudrais aller sur chambéry-chal.-les-eaux à cérons,1
je voudrais aller de luc-en-diois à volvic,1
je voudrais aller de longpré-corps-saints à donjeux,1
je voudrais aller de chambéry-chal.-les-eaux à montaignac-st-hippolyte,1
je voudrais aller de longueil-annel à baroncourt,1
je voudrais aller de montaignac-st-hippolyte à longpré-corps-saints,1
je voudrais aller de templeuve à cap-d'ail,1
Je voudrais aller de bons-en-chablais à cap-d'ail,1
je voudrais aller de brion-laizy à romilly-la-puthenaye,1
je voudrais aller de cérons à montaignac-st-hippolyte,1
je voudrais aller de grenoble à sains du nord,1
je voudrais aller de grenoble à lamothe-landerron,1
je voudrais aller de baroncourt à sains du nord,1
je voudrais aller de cap-d'ail à templeuve,1
je voudrais aller de cap-d'ail a nantes.,1
Je voudrais aller de luc-en-diois à cérons,1
je voudrais aller de cérons vers lamothe-landerron,1
je voudrais aller de volvic à bons-en-chablais,1
je voudrais aller de volvic sur tournemire-roquefort,1
je voudrais aller de baroncourt à bons-en-chablais,1
je voudrais aller de cérons jusque tournemire-roquefort,1
je voudrais aller de tournemire-roquefort à brion-laizy,1
je voudrais aller de tournemire-roquefort à lyon,1
je voudrais aller de luc-en-diois à lyon,1
je voudrais aller de thiaville à donjeux,1
Je voudrais aller de volvic à brion-laizy,1
je voudrais aller de romilly-la-puthenaye à bordeaux,1
je voudrais aller de bons-en-chablais à bordeaux,1
je voudrais aller de tournemire-roquefort à marseille,1
je voudrais aller de templeuve à marseille,1
je voudrais aller de sains du nord à toulouse,1
je voudrais aller de lamothe-landerron à toulouse,1
il me faudrait aller de donjeux à templeuve,1
Il faudrait que j'aille de thiaville à volvic,1
il me faudrait aller de brion-laizy à baroncourt,1
Il faudrait que j'aille de thiaville à templeuve,1
Il me faudrait aller de volvic à thiaville,1
Il faudrait que j'aille de cérons à donjeux,1
ils me faudrait aller de romilly-la-puthenaye à chambéry-chal.-les-eaux,1
Il faudrait que j'aille de baroncourt à romilly-la-puthenaye,1
IL me faudrait aller de cap-d'ail à cap-d'ail,1
Il faudrait que j'aille de brion-laizy à bons-en-chablais,1
Ils me faudrait aller de thiaville à tournemire-roquefort,1
Il faudrait qu'ils aillent de tournemire-roquefort à sains du nord,1
il me faudrait aller de chambéry-chal.-les-eaux à sains du nord,1
Il faudrait que j'aille de tournemire-roquefort à templeuve,1
il nous faudrait aller de cap-d'ail à brion-laizy,1
il faudrait aller de renne à brion-laizy,1
il vous faudrait aller de thiaville à tournemire-roquefort,1
il te faudrait aller de cap-d'ail à volvic,1
il faudrait aller de renne à cap-d'ail,1
il lui faudrait aller de tournemire-roquefort à donjeux,1
il lui faudrait aller de lamothe-landerron à longueil-annel,1
il me faut aller de chambéry-chal.-les-eaux à thiaville,1
Je dois aller de sains du longueil-annel à Bordeaux.,1
il me faudrait aller de baroncourt à thiaville,1
Il faudrait que j'aille de sains du cap-d'ail à Bordeaux.,1
il me fallait aller de bons-en-chablais à luc-en-diois,1
Je devais aller de longueil-annel à sains du nord,1
il me faudra aller de longpré-corps-saints à cérons,1
Je vais devoir aller de chambéry-chal.-les-eaux à cap-d'ail,1
il me semble aller de brion-laizy à templeuve,1
J'ai l'impression d'aller de montaignac-st-hippolyte à romilly-la-puthenaye,1
il me faudrait voyager de thiaville à donjeux,1
Je devrais voyager de luc-en-diois à montaignac-st-hippolyte,1
il me faudrait aller de brion-laizy à chambéry-chal.-les-eaux,1
Il faudrait que j'aille de chambéry-chal.-les-eaux à volvic,1
il me faudrait déménager de chambéry-chal.-les-eaux à thiaville,1
Je devrais déménager de baroncourt à donjeux,1
il me faudrait conduire de templeuve à montaignac-st-hippolyte,1
Je devrais conduire de lamothe-landerron à longueil-annel,1
il me faudrait train de volvic à sains du nord,1
J'aurais besoin d'un train de cap-d'ail à longueil-annel,1
il me faudrait aller de tournemire-roquefort à longpré-corps-saints,1
il me faudrait aller relier baroncourt à cap-d'ail,1
Il faudrait que j'aille de thiaville à luc-en-diois,1
il me faudrait aller à longpré-corps-saints à brion-laizy,1
Il faudrait que j'aille à lamothe-landerron à longpré-corps-saints,1
il me faudrait aller sur sains du volvic à bordeaux.,1
Il faudrait que j'aille à longueil-annel à longueil-annel,1
il me faudrait aller depuis romilly-la-puthenaye à baroncourt,1
Il faudrait que j'aille de cérons à cérons,1
Il faudrait que j'aille de longueil-annel à montaignac-st-hippolyte,1
il me faudrait aller de chambéry-chal.-les-eaux à cérons,1
Il faudrait que j'aille de luc-en-diois à montaignac-st-hippolyte,1
il me faudrait aller de grenoble à cérons,1
Il faudrait que j'aille de sains du thiaville à Bordeaux.,1
il me faudrait aller de chambéry-chal.-les-eaux à baroncourt,1
Il faudrait que j'aille de baroncourt à cap-d'ail,1
il me faudrait aller de brion-laizy à brion-laizy,1
Je devrais passer du cérons au chambéry-chal.-les-eaux,1
il me faudrait aller de cérons à lamothe-landerron,1
Il faudrait que j'aille de tournemire-roquefort à donjeux,1
il me faudrait aller de templeuve a bordeaux.,1
Il faudrait que j'aille de romilly-la-puthenaye à tournemire-roquefort,1
il me faudrait aller de luc-en-diois vers longueil-annel,1
Il faudrait que j'aille de longueil-annel à donjeux,1
il me faudrait aller de thiaville jusque sains du nord,1
Il faudrait que j'aille de cérons à volvic,1
il me faudrait aller de volvic et tournemire-roquefort,1
Il faudrait que j'aille de donjeux à longpré-corps-saints,1
il me faudrait aller de montaignac-st-hippolyte à tournemire-roquefort,1
il me faudrait aller de sains du sains du nord à bordeaux,1
Il faudrait que j'aille de montaignac-st-hippolyte à bons-en-chablais,1
il me faudrait aller de montaignac-st-hippolyte à longpré-corps-saints,1
Il faudrait que j'aille de luc-en-diois à longpré-corps-saints,1
il me faudrait aller de volvic à donjeux,1
Je devrais aller de donjeux en chambéry-chal.-les-eaux,1
il me faudrait aller de templeuve à longueil-annel,1
Il faudrait que j'aille de donjeux à romilly-la-puthenaye,1
je dois faire le trajet de bons-en-chablais à chambéry-chal.-les-eaux,1
Je dois voyager de chambéry-chal.-les-eaux à montaignac-st-hippolyte,1
Je dois faire le trajet de baroncourt à cérons,1
Je dois voyager de romilly-la-puthenaye à brion-laizy,1
je dois faire le trajet de templeuve à montaignac-st-hippolyte,1
Je dois voyager de thiaville à donjeux,1
Tu dois faire le trajet de cérons à romilly-la-puthenaye,1
Vous devez voyager de romilly-la-puthenaye à cap-d'ail,1
tu dois faire le trajet de brion-laizy à romilly-la-puthenaye,1
il faut aller de tournemire-roquefort à longueil-annel,1
JE dois faire le trajet de donjeux à longpré-corps-saints,1
Je dois voyager de tournemire-roquefort à montaignac-st-hippolyte,1
je souhaite faire le trajet de donjeux à brion-laizy,1
je veux voyager de thiaville à montaignac-st-hippolyte,1
je souhaiterais faire le trajet de luc-en-diois à baroncourt,1
je voudrais voyager de romilly-la-puthenaye à longpré-corps-saints,1
je voudrais faire le trajet de montaignac-st-hippolyte à bons-en-chablais,1
je voudrais voyager de longpré-corps-saints à romilly-la-puthenaye,1
je désire faire le trajet de baroncourt à luc-en-diois,1
je veux voyager de volvic à bons-en-chablais,1
je veux faire le trajet de cérons à baroncourt,1
je veux voyager de montaignac-st-hippolyte à volvic,1
je dois faire le trajet de luc-en-diois à volvic,1
Je dois voyager de cérons à sains du nord,1
je dois effectuer le trajet de chambéry-chal.-les-eaux à sains du nord,1
je dois voyager de longpré-corps-saints à longueil-annel,1
je dois refaire le trajet de donjeux à romilly-la-puthenaye,1
je dois refaire le trajet de sains du donjeux à strasbourg.,1
je dois réaliser le trajet de montaignac-st-hippolyte à baroncourt,1
je dois faire le trajet de longueil-annel à tournemire-roquefort,1
je dois calculer le trajet de chambéry-chal.-les-eaux à thiaville,1
je dois calculer l'itinéraire de lamothe-landerron à montaignac-st-hippolyte,1
je dois faire le trajet de chambéry-chal.-les-eaux à longpré-corps-saints,1
Je dois voyager de cap-d'ail à baroncourt,1
je dois faire un trajet de lamothe-landerron à longueil-annel,1
je dois voyager de tournemire-roquefort à tournemire-roquefort,1
je dois faire ce trajet de bons-en-chablais à thiaville,1
je dois faire ce trajet de chambéry-chal.-les-eaux à luc-en-diois,1
je dois faire mon trajet de brion-laizy à donjeux,1
je dois faire mon trajet de cap-d'ail à templeuve,1
je dois faire la trajet de romilly-la-puthenaye à romilly-la-puthenaye,1
Je dois voyager de donjeux à volvic,1
je dois faire le trajet de brion-laizy à lamothe-landerron,1
Je dois voyager de volvic à cérons,1
je dois faire le voyage de volvic à longpré-corps-saints,1
je dois voyager de romilly-la-puthenaye à brion-laizy,1
je dois faire le transfert de brion-laizy à cap-d'ail,1
Je dois transférer de sains du romilly-la-puthenaye à Strasbourg.,1
je dois faire le covoiturage de brion-laizy à bons-en-chablais,1
Je dois faire du covoiturage de lamothe-landerron à brion-laizy,1
je dois faire le déplacement de cérons à montaignac-st-hippolyte,1
je dois voyager de cérons à donjeux,1
je dois faire le trajet de luc-en-diois à baroncourt,1
Je dois voyager de montaignac-st-hippolyte à longpré-corps-saints,1
je dois faire le trajet depuis montaignac-st-hippolyte à baroncourt,1
Je dois voyager de baroncourt à brion-laizy,1
je dois faire le trajet reliant chambéry-chal.-les-eaux à chambéry-chal.-les-eaux,1
Je dois voyager de tournemire-roquefort à volvic,1
je dois faire le trajet entre cap-d'ail à longpré-corps-saints,1
Je dois voyager de tournemire-roquefort à templeuve,1
je dois faire le trajet retour volvic à tournemire-roquefort,1
Je dois faire le trajet retour de sains du brion-laizy à Strasbourg.,1
je dois faire le trajet de longueil-annel à longpré-corps-saints,1
Je dois voyager de romilly-la-puthenaye à donjeux,1
je dois faire le trajet de montaignac-st-hippolyte à lamothe-landerron,1
Je dois voyager de donjeux à brion-laizy,1
je dois faire le trajet de cérons à donjeux,1
Je dois voyager de chambéry-chal.-les-eaux à baroncourt,1
je dois faire le trajet de brion-laizy à sains du nord,1
Je dois voyager de brion-laizy à baroncourt,1
je dois faire le trajet de chambéry-chal.-les-eaux à montaignac-st-hippolyte,1
Je dois voyager de baroncourt à lamothe-landerron,1
je dois faire le trajet de sains du tournemire-roquefort à strasbourg.,1
Je dois voyager de sains du montaignac-st-hippolyte à Strasbourg.,1
je dois faire le trajet de donjeux a tournemire-roquefort,1
Je dois voyager de romilly-la-puthenaye à sains du nord,1
je dois faire le trajet de cérons vers donjeux,1
Je dois voyager de tournemire-roquefort à cérons,1
je dois faire le trajet de thiaville et volvic,1
je dois voyager de chambéry-chal.-les-eaux à luc-en-diois,1
je dois faire le trajet de sains du bons-en-chablais direction strasbourg.,1
je dois voyager de chambéry-chal.-les-eaux à bons-en-chablais,1
je dois faire le trajet de bons-en-chablais à thiaville,1
Je dois voyager de sains du longpré-corps-saints à Paris,1
je dois faire le trajet de lamothe-landerron à chambéry-chal.-les-eaux,1
Je dois voyager de sains du volvic à Rennes,1
je dois faire le trajet de volvic à luc-en-diois,1
Je dois voyager de montaignac-st-hippolyte à tournemire-roquefort,1
je dois faire le trajet de romilly-la-puthenaye à lamothe-landerron,1
je dois voyager de volvic à cap-d'ail,1
je dois faire le trajet de brion-laizy à...,1
Je dois voyager de cérons à...,1
il faudrait que j'aille de cérons à sains du nord,1
Je devrais faire le tour de Nesmy.,1
il faudrait que j'aille de romilly-la-puthenaye à templeuve,1
Il faudrait que j'aille de romilly-la-puthenaye à brion-laizy,1
maintenant faudrait que j'aille de thiaville à montaignac-st-hippolyte,1
maintenant je devrais faire le tour de Nesmy.,1
... faudrait que j'aille de romilly-la-puthenaye à templeuve,1
... devrait faire le tour de Nesmy.,1
bon faudrait que j'aille de brion-laizy à sains du nord,1
"eh bien, je devrais faire le tour de Nesmy.",1
il faut que j'aille de bons-en-chablais à templeuve,1
Je dois faire le tour de Nesmy.,1
il faudra que j'aille de volvic à cap-d'ail,1
Je vais devoir faire le tour de Nesmy.,1
il faudrait que j'aille de tournemire-roquefort à tournemire-roquefort,1
il fallait que j'aille de donjeux à cap-d'ail,1
J'ai dû faire le tour de Nesmy.,1
il semblerait que j'aille de montaignac-st-hippolyte à bons-en-chablais,1
il paraît que je fais le tour de nesmy.,1
il faudrait que j'aille de tournemire-roquefort à brion-laizy,1
il faudrait absolument j'aille de montaignac-st-hippolyte à donjeux,1
Je dois absolument aller chez nesmy.,1
il faudrait vraiment j'aille de donjeux à luc-en-diois,1
Je devrais vraiment aller voir Nesmy.,1
il faudrait donc j'aille de chambéry-chal.-les-eaux à tournemire-roquefort,1
Il faudrait donc que j'aille chez nesmy.,1
il faudrait effectivement j'aille de chambéry-chal.-les-eaux à tournemire-roquefort,1
Je devrais en fait faire le tour de Nesmy.,1
il faudrait que plus de tours à thiaville,1
il faudrait plus de tours à chambéry-chal.-les-eaux,1
il faudrait que beaucoup de tours à templeuve,1
il faudrait autant de tours à romilly-la-puthenaye,1
il faudrait que davantage de tours à templeuve,1
Nesmy a besoin de plus de tours.,1
il faudrait que moins de tours à cap-d'ail,1
ça prendrait moins de tours à luc-en-diois,1
il faudrait que autant de tours à volvic,1
il faudrait que j'aille quelques tours à tournemire-roquefort,1
Je devrais faire quelques tours pour nesmy.,1
il faudrait que j'aille faire tours à tournemire-roquefort,1
Je devrais aller voir Nesmy.,1
il faudrait que j'aille deux tours à templeuve,1
Je devrais aller deux fois à romilly-la-puthenaye,1
il faudrait que j'aille plusieurs tours à chambéry-chal.-les-eaux,1
Je devrais faire plusieurs tours pour nesmy.,1
il faudrait que j'aille un tours à romilly-la-puthenaye,1
Je devrais aller faire un tour chez Nesmy.,1
il faudrait que j'aille de nouveau à nesmy.,1
Je devrais retourner à templeuve,1
il faudrait que j'aille de concert à nesmy.,1
Je devrais aller ensemble à Nesmy.,1
il faudrait que j'aille de loin à thiaville,1
Je devrais faire un long chemin jusqu'à thiaville,1
il faudrait que j'aille de préférence à nesmy.,1
Je devrais de préférence aller à volvic,1
il faudrait que j'aille de nuit à nesmy.,1
Je devrais aller à Nesmy la nuit.,1
il faudrait que j'aille de longueil-annel à sains du nord,1
il faudrait que j'aille de thiaville en nesmy.,1
il faudrait que j'aille de cérons a nesmy.,1
il faudrait que j'aille de tours vers volvic,1
il faudrait que j'aille de tours sur nesmy.,1
il faudrait que j'aille de tours à tours,1
Je devrais aller de tour en tour,1
il faudrait que j'aille de tours à tour,1
il faudrait que je tourne à tour de rôle,1
il faudrait que j'aille de tours à cérons,1
il faudrait que j'aille de montaignac-st-hippolyte en donjeux,1
il faudrait que j'aille de tours à bons-en-chablais,1
Je devrais aller de montaignac-st-hippolyte à montaignac-st-hippolyte,1
il faudrait que j'aille de tours à châteaux,1
Je devrais aller de tours en châteaux,1
j'aimerai faire thiaville nice.,1
je voudrais faire montaignac-st-hippolyte nice.,1
Que faire romilly-la-puthenaye nice.,1
Que faire Nice Toulouse.,1
Quoi faire cérons nice.,1
Que faire de tournemire-roquefort sympa.,1
Comment faire volvic nice.,1
Comment rendre chambéry-chal.-les-eaux agréable.,1
que faire templeuve nice.,1
que faire à brion-laizy sympa.,1
quoi faire lamothe-landerron nice.,1
quoi faire longueil-annel sympa.,1
j'aimerai rencontrer sains du nord nice.,1
J'aimerais rencontrer toulouse nice.,1
j'aimerai rencontre sains du nord nice.,1
J'aimerais rencontrer baroncourt donjeux,1
j'aimerai visiter cap-d'ail nice.,1
Je voudrais visiter longpré-corps-saints templeuve,1
j'aimerai colocation bons-en-chablais nice.,1
je voudrais baroncourt belle colocation.,1
j'aimerai recevoir cérons nice.,1
Je souhaite recevoir thiaville nice.,1
j'aimerai faire du nice.,1
J'aimerais bien faire.,1
j'aimerai faire un nice.,1
Je voudrais faire une belle.,1
j'aimerai faire rencontres nice.,1
J'aimerais rencontrer des gens sympas.,1
j'aimerai faire sur nice.,1
Je voudrais faire sur nice.,1
j'aimerai faire comme nice.,1
je voudrais faire comme gentil.,1
j'aimerai faire bons-en-chablais autrement,1
J'aimerais faire templeuve autrement,1
j'aimerai faire toulouse...,1
J'aimerais faire thiaville,1
j'aimerai faire toulouse centre,1
Je voudrais aller à donjeux centre,1
j'aimerai faire toulouse!,1
J'aimerais faire cap-d'ail !,1
j'aimerai faire luc-en-diois tourisme,1
Je voudrais faire du tourisme toulousain,1
comment aller de montaignac-st-hippolyte à cannes?,1
comment se rendre de chambéry-chal.-les-eaux à cannes?,1
Comment aller de volvic à cannes?,1
Comment se rendre de tournemire-roquefort à romilly-la-puthenaye ?,1
comment aller de lamothe-landerron à cannes?,1
comment se rendre de baroncourt à cannes?,1
Pourquoi aller de montaignac-st-hippolyte à cannes?,1
Pourquoi aller de longpré-corps-saints à templeuve ?,1
Où aller de sains du nord à cannes?,1
Où aller de chambéry-chal.-les-eaux à tournemire-roquefort ?,1
Quand aller de lamothe-landerron à cannes?,1
Quand partir de donjeux à bons-en-chablais ?,1
comment voyager de longpré-corps-saints à cannes?,1
comment se rendre de cérons à cannes?,1
comment aller de chambéry-chal.-les-eaux à cannes?,1
comment se rendre de tournemire-roquefort à cannes?,1
comment passer de romilly-la-puthenaye à cannes?,1
comment aller de romilly-la-puthenaye à cannes?,1
comment déménager de bons-en-chablais à cannes?,1
comment déménager de brion-laizy à cannes?,1
comment arriver de brion-laizy à cannes?,1
comment se rendre de luc-en-diois à cannes?,1
comment aller à volvic à cannes?,1
comment se rendre à luc-en-diois depuis montaignac-st-hippolyte ?,1
comment aller depuis baroncourt à cannes?,1
comment aller relier longpré-corps-saints à cannes?,1
comment relier thiaville à romilly-la-puthenaye ?,1
comment aller De marseille à cannes?,1
comment se rendre de sains du nord à cannes?,1
comment aller de donjeux à cannes?,1
comment aller de bons-en-chablais à cannes?,1
comment aller de baroncourt à cannes?,1
comment aller de cérons à cannes?,1
comment se rendre de lamothe-landerron à cannes?,1
comment se rendre de longueil-annel à cannes?,1
comment aller de bons-en-chablais a cannes?,1
comment se rendre de bons-en-chablais à cannes?,1
comment aller de romilly-la-puthenaye vers cannes?,1
comment aller de volvic et cannes?,1
comment aller de volvic à cannes?,1
comment aller de cérons sur cannes?,1
comment aller de chambéry-chal.-les-eaux à templeuve,1
comment se rendre de cérons à baroncourt,1
comment aller de chambéry-chal.-les-eaux à tournemire-roquefort,1
comment se rendre de templeuve à donjeux,1
comment aller de longueil-annel à tournemire-roquefort,1
comment se rendre de tournemire-roquefort à longpré-corps-saints,1
comment aller de romilly-la-puthenaye à longpré-corps-saints,1
comment se rendre de lamothe-landerron à templeuve,1
comment aller de donjeux à sains du nord,1
comment se rendre de baroncourt à tournemire-roquefort,1
il me faudrait un billet angers cahors.,1
Il me faudrait un billet Angers Cahors.,1
Il me faudrait un billet angers cahors.,1
Bonjour me faudrait un billet angers cahors.,1
thiaville j'aurais besoin d'un billet Cahors Angers.,1
bonjour me faudrait un billet angers cahors.,1
bonjour j'aurais besoin d'un billet d'angers cahors.,1
ils me faudrait un billet angers cahors.,1
il nous faudrait un billet angers cahors.,1
il nous faudrait un billet Cahors Angers.,1
il vous faudrait un billet angers cahors.,1
vous auriez besoin d'un billet d'angers cahors.,1
il te faudrait un billet angers cahors.,1
il lui faudrait un billet angers cahors.,1
il lui faudrait un billet Cahors Angers.,1
il me faut un billet angers cahors.,1
J'ai besoin d'un billet Angers Cahors.,1
il me reste un billet angers cahors.,1
Il me reste un billet Angers Cahors.,1
il me fallait un billet angers cahors.,1
J'avais besoin d'un billet Angers Cahors.,1
il me manque un billet angers cahors.,1
Il me manque un billet Angers Cahors.,1
il me faudrait le billet thiaville cahors.,1
Il me faudrait le billet Cahors Angers.,1
il me faudrait ce billet angers cahors.,1
J'aurais besoin de ce billet Angers Cahors.,1
il me faudrait mon billet angers cahors.,1
J'aurais besoin de mon billet Cahors Angers.,1
il me faudrait votre billet angers cahors.,1
J'aurais besoin de votre billet Cahors Angers.,1
il me faudrait un covoiturage angers cahors.,1
J'aurais besoin d'un covoiturage d'angers cahors.,1
il me faudrait un bus angers cahors.,1
J'aurais besoin d'un bus Cahors Angers.,1
il me faudrait un hotel angers cahors.,1
J'aurais besoin d'un hôtel à Angers Cahors.,1
il me faudrait un restaurant tournemire-roquefort cahors.,1
J'ai besoin d'un restaurant à Angers Cahors.,1
il me faudrait un taxi angers cahors.,1
J'aurais besoin d'un taxi d'angers cahors.,1
il me faudrait un billet pour cahors.,1
J'aurais besoin d'un billet pour Cahors.,1
il me faudrait un billet sur cahors.,1
Il me faudrait un billet sur cap-d'ail,1
il me faudrait un billet de cahors.,1
J'aurais besoin d'un billet de Cahors.,1
il me faudrait un billet vers cahors.,1
il me faudrait un billet direction cahors.,1
il me faudrait un billet angers!,1
J'aurais besoin d'un billet thiaville !,1
il me faudrait un billet angers...,1
J'aurais besoin d'un billet Angers...,1
il me faudrait un billet angers!!,1
J'aurais besoin d'un billet Angers !!,1
il me faudrait un billet angers!!!,1
J'aurais besoin d'un billet Angers !!!,1
il me faudrait un billet angers svp,1
J'ai besoin d'un billet tournemire-roquefort s'il vous plait,1
comment aller à luc-en-diois en partant de rennes?,1
comment se rendre à romilly-la-puthenaye depuis cap-d'ail ?,1
Comment aller à bons-en-chablais en partant de rennes?,1
Comment se rendre à donjeux depuis longpré-corps-saints ?,1
comment aller à thiaville en partant de rennes?,1
comment se rendre à lamothe-landerron depuis baroncourt ?,1
Pourquoi aller à thiaville en partant de rennes?,1
Pourquoi aller à romilly-la-puthenaye depuis brion-laizy ?,1
Où aller à volvic en partant de rennes?,1
Où aller à templeuve depuis bons-en-chablais ?,1
Quand aller à cap-d'ail en partant de rennes?,1
Quand partir à sains du brion-laizy depuis Rennes ?,1
comment arriver à longpré-corps-saints en partant de rennes?,1
comment se rendre à luc-en-diois depuis thiaville ?,1
comment aller à cérons en partant de rennes?,1
comment se rendre à romilly-la-puthenaye depuis thiaville ?,1
comment venir à templeuve en partant de rennes?,1
comment se rendre à baroncourt depuis luc-en-diois ?,1
comment voyager à sains du nord en partant de rennes?,1
comment se rendre à tournemire-roquefort depuis templeuve ?,1
comment accéder à baroncourt en partant de rennes?,1
comment se rendre à montaignac-st-hippolyte depuis bons-en-chablais ?,1
comment aller à bons-en-chablais en partant de rennes?,1
comment se rendre à baroncourt depuis thiaville ?,1
comment aller vers tournemire-roquefort en partant de rennes?,1
comment se rendre à romilly-la-puthenaye depuis baroncourt ?,1
comment aller a nantes en partant de rennes?,1
comment se rendre à lamothe-landerron depuis cap-d'ail ?,1
comment aller visiter bons-en-chablais en partant de rennes?,1
comment visiter cérons depuis cérons ?,1
comment aller sur brion-laizy en partant de rennes?,1
comment se rendre à longpré-corps-saints depuis baroncourt ?,1
comment se rendre à brion-laizy depuis rennes?,1
comment aller à volvic en partant de rennes?,1
comment se rendre à lamothe-landerron depuis romilly-la-puthenaye ?,1
comment se rendre à cérons depuis tournemire-roquefort ?,1
comment aller à thiaville en partant de tournemire-roquefort,1
comment se rendre à tournemire-roquefort depuis longueil-annel,1
comment aller à lamothe-landerron en partant de rennes?,1
comment se rendre à lamothe-landerron depuis rennes?,1
comment aller à longpré-corps-saints facilement partant de rennes?,1
comment se rendre facilement à romilly-la-puthenaye depuis longpré-corps-saints ?,1
comment aller à montaignac-st-hippolyte En partant de rennes?,1
Comment se rendre à volvic depuis luc-en-diois ?,1
comment aller à longpré-corps-saints et partant de rennes?,1
comment se rendre à thiaville et partir de chambéry-chal.-les-eaux ?,1
comment aller à cérons ne partant de rennes?,1
comment se rendre à donjeux depuis les sains du nord ?,1
comment aller à montaignac-st-hippolyte en partant de rennes?,1
comment se rendre à cérons depuis montaignac-st-hippolyte ?,1
comment aller à longueil-annel en voiture de rennes?,1
comment se rendre à luc-en-diois en voiture depuis volvic ?,1
comment aller à cérons en bus de rennes?,1
comment se rendre à baroncourt en bus depuis tournemire-roquefort ?,1
comment aller à luc-en-diois en covoiturage de rennes?,1
comment se rendre à lamothe-landerron en covoiturage rennes ?,1
comment aller à donjeux en train de rennes?,1
comment se rendre à bons-en-chablais en train de templeuve ?,1
comment se rendre à volvic depuis longueil-annel ?,1
comment aller à cérons en partant depuis rennes?,1
comment se rendre à templeuve depuis volvic ?,1
comment aller à chambéry-chal.-les-eaux en partant du rennes?,1
comment se rendre à cap-d'ail depuis longpré-corps-saints ?,1
comment aller à bons-en-chablais en partant à rennes?,1
comment se rendre à longueil-annel depuis lamothe-landerron ?,1
comment aller à sains du nord en partant des rennes?,1
comment se rendre à brion-laizy depuis les templeuve ?,1
comment aller à baroncourt en partant de cérons,1
comment se rendre à cérons depuis longpré-corps-saints,1
comment aller à sains du nord en longueil-annel de nantes,1
comment se rendre à baroncourt depuis montaignac-st-hippolyte,1
comment aller à thiaville en partant de lyon,1
comment se rendre à bons-en-chablais depuis lyon,1
comment aller à romilly-la-puthenaye en partant de thiaville,1
comment se rendre à longpré-corps-saints depuis volvic,1
comment aller à brion-laizy en partant de marseille,1
comment se rendre à cap-d'ail depuis brion-laizy,1
comment faire pour aller à chambéry-chal.-les-eaux depuis toulouse?,1
Comment faire pour aller à bons-en-chablais depuis toulouse?,1
Comment se rendre à sains du cap-d'ail depuis Toulouse ?,1
comment faire pour aller à thiaville depuis toulouse?,1
comment se rendre à templeuve depuis sains du nord ?,1
Que faire pour aller à donjeux depuis toulouse?,1
Comment se rendre à longueil-annel depuis donjeux ?,1
que faire pour aller à chambéry-chal.-les-eaux depuis toulouse?,1
que faire pour aller à donjeux depuis longpré-corps-saints ?,1
Quoi faire pour aller à volvic depuis toulouse?,1
Que faire pour aller à montaignac-st-hippolyte depuis sains du nord ?,1
comment faire pour aller à baroncourt depuis toulouse?,1
comment se rendre à tournemire-roquefort depuis bons-en-chablais ?,1
comment procéder pour aller à templeuve depuis toulouse?,1
comment se rendre à sains du templeuve depuis toulouse ?,1
comment prendre pour aller à templeuve depuis toulouse?,1
comment se rendre à sains du longueil-annel depuis toulouse ?,1
comment fait pour aller à volvic depuis toulouse?,1
comment choisir pour aller à longueil-annel depuis toulouse?,1
comment choisir pour aller à tournemire-roquefort depuis sains du nord ?,1
comment faire pour aller à tournemire-roquefort depuis toulouse?,1
comment se rendre à cérons depuis longueil-annel ?,1
comment faire pr aller à longueil-annel depuis toulouse?,1
comment se rendre à montaignac-st-hippolyte depuis chambéry-chal.-les-eaux ?,1
comment faire pou aller à cérons depuis toulouse?,1
comment se rendre à romilly-la-puthenaye depuis sains du nord ?,1
comment faire un aller à longpré-corps-saints depuis toulouse?,1
comment se rendre à cérons depuis longpré-corps-saints ?,1
comment faire comment aller à longpré-corps-saints depuis toulouse?,1
comment faire comment se rendre à templeuve depuis sains du nord ?,1
comment faire pour aller à brion-laizy depuis toulouse?,1
comment se rendre à donjeux depuis romilly-la-puthenaye ?,1
comment faire pour arriver à thiaville depuis toulouse?,1
comment se rendre à brion-laizy depuis templeuve ?,1
comment faire pour venir à sains du nord depuis toulouse?,1
comment se rendre à luc-en-diois depuis baroncourt ?,1
comment faire pour voyager à montaignac-st-hippolyte depuis toulouse?,1
comment se rendre à longpré-corps-saints depuis volvic ?,1
comment faire pour travailler à bons-en-chablais depuis toulouse?,1
comment travailler à brion-laizy depuis luc-en-diois ?,1
comment faire pour aller à montaignac-st-hippolyte depuis toulouse?,1
comment faire pour aller a luc-en-diois depuis toulouse?,1
comment se rendre à thiaville depuis lamothe-landerron ?,1
comment faire pour aller sur bons-en-chablais depuis toulouse?,1
comment se rendre à thiaville depuis cérons ?,1
comment faire pour aller visiter cap-d'ail depuis toulouse?,1
comment aller visiter romilly-la-puthenaye depuis thiaville ?,1
comment faire pour aller vers brion-laizy depuis toulouse?,1
comment se rendre à luc-en-diois depuis cap-d'ail ?,1
comment se rendre à lamothe-landerron depuis toulouse?,1
comment faire pour aller à longueil-annel depuis toulouse?,1
comment se rendre à lamothe-landerron depuis lamothe-landerron ?,1
comment faire pour aller à cérons depuis toulouse?,1
comment se rendre à chambéry-chal.-les-eaux depuis toulouse?,1
comment faire pour aller à lamothe-landerron depuis toulouse?,1
comment se rendre à donjeux depuis toulouse?,1
comment se rendre à brion-laizy depuis thiaville ?,1
comment faire pour aller à romilly-la-puthenaye ou toulouse?,1
comment aller à cap-d'ail ou toulouse?,1
comment faire pour aller à bons-en-chablais et toulouse?,1
comment se rendre à longpré-corps-saints et thiaville ?,1
comment faire pour aller à longpré-corps-saints à tournemire-roquefort,1
comment se rendre à tournemire-roquefort depuis thiaville ?,1
comment faire pour aller à donjeux de toulouse?,1
comment se rendre à romilly-la-puthenaye depuis longpré-corps-saints ?,1
comment faire pour aller à romilly-la-puthenaye depuis volvic,1
comment se rendre à templeuve depuis sains du nord,1
comment faire pour aller à cérons depuis baroncourt,1
comment se rendre à volvic depuis chambéry-chal.-les-eaux,1
comment faire pour aller à longpré-corps-saints depuis lyon,1
comment se rendre à cap-d'ail depuis lyon,1
comment faire pour aller à luc-en-diois depuis tournemire-roquefort,1
comment se rendre à brion-laizy depuis longueil-annel,1
comment faire pour aller à romilly-la-puthenaye depuis tournemire-roquefort,1
comment se rendre à luc-en-diois depuis longpré-corps-saints,1
comment se procurer un billet pour partir de nice et aller à cap-d'ail,1
comment obtenir un billet pour partir de nice et aller à montaignac-st-hippolyte ?,1
Comment se procurer un billet pour partir de nice et aller à cap-d'ail,1
Comment obtenir un billet pour partir de nice et aller à luc-en-diois ?,1
comment se procurer un billet pour partir de nice et aller à longueil-annel,1
comment obtenir un billet pour partir de nice et aller à donjeux ?,1
Où se procurer un billet pour partir de nice et aller à cérons,1
Où puis-je me procurer un billet pour quitter baroncourt et me rendre à templeuve ?,1
Pourquoi se procurer un billet pour partir de nice et aller à longpré-corps-saints,1
Pourquoi acheter un billet pour partir de nice et aller à sains du nord ?,1
Quand se procurer un billet pour partir de nice et aller à tournemire-roquefort,1
Quand prendre un billet pour partir de nice et aller à cap-d'ail ?,1
comment se procurer un billet pour partir de nice et aller à luc-en-diois,1
comment obtenir un billet pour partir de nice et aller à sains du nord ?,1
comment me procurer un billet pour partir de nice et aller à cap-d'ail,1
Comment puis-je obtenir un billet pour partir de luc-en-diois et aller à Brest ?,1
comment vous procurer un billet pour partir de nice et aller à tournemire-roquefort,1
comment ce procurer un billet pour partir de nice et aller à longueil-annel,1
comment obtenir un billet pour partir de nice et aller à luc-en-diois ?,1
comment nous procurer un billet pour partir de nice et aller à thiaville,1
comment obtenir un ticket pour partir de nice et aller à cérons ?,1
comment se procurer un billet pour partir de nice et aller à cérons,1
comment obtenir un billet pour partir de nice et aller à templeuve ?,1
comment se trouver un billet pour partir de nice et aller à volvic,1
comment trouver un billet pour partir de nice et aller à cap-d'ail ?,1
comment se procure un billet pour partir de nice et aller à templeuve,1
comment obtenir un billet pour partir de nice et aller à tournemire-roquefort ?,1
comment se faire un billet pour partir de nice et aller à bons-en-chablais,1
comment obtenir un billet pour partir de nice et aller à lamothe-landerron ?,1
comment se préparer un billet pour partir de nice et aller à romilly-la-puthenaye,1
comment préparer un billet pour partir de nice et aller à longueil-annel ?,1
comment se procurer un billet pour partir de nice et aller à donjeux,1
comment se procurer son billet pour partir de nice et aller à cérons,1
comment obtenir un billet pour partir de nice et aller à longueil-annel ?,1
comment se procurer le billet pour partir de nice et aller à donjeux,1
comment obtenir le billet pour partir de nice et aller à baroncourt ?,1
comment se procurer mon billet pour partir de nice et aller à cap-d'ail,1
comment obtenir mon billet pour partir de nice et aller à baroncourt ?,1
comment se procurer ce billet pour partir de nice et aller à baroncourt,1
comment obtenir ce billet pour partir de nice et aller à cap-d'ail ?,1
comment se procurer un billet pour partir de nice et aller à templeuve,1
comment obtenir un billet pour partir de nice et aller à bons-en-chablais ?,1
comment se procurer un bus pour partir de nice et aller à montaignac-st-hippolyte,1
comment prendre un bus pour partir de nice et aller à tournemire-roquefort ?,1
comment se procurer un taxi pour partir de nice et aller à baroncourt,1
comment prendre un taxi pour partir de nice et aller à montaignac-st-hippolyte ?,1
comment se procurer un avion pour partir de nice et aller à volvic,1
comment prendre un avion pour partir de nice et aller à montaignac-st-hippolyte ?,1
comment se procurer un train pour partir de nice et aller à longpré-corps-saints,1
comment prendre un train pour partir de nice et aller à luc-en-diois ?,1
comment se procurer un billet pour partir de nice et aller à montaignac-st-hippolyte,1
comment se procurer un billet à partir de nice et aller à tournemire-roquefort,1
comment prendre un billet depuis nice et aller jusqu'à bons-en-chablais ?,1
comment se procurer un billet a partir de nice et aller à tournemire-roquefort,1
comment prendre un billet depuis nice et aller jusqu'à lamothe-landerron ?,1
comment se procurer un billet avion partir de nice et aller à longueil-annel,1
comment prendre un billet d'avion depuis nice et aller jusqu'à cap-d'ail ?,1
comment se procurer un billet entre partir de nice et aller à lamothe-landerron,1
comment obtenir un billet entre partir de nice et aller à thiaville ?,1
comment se procurer un billet pour partir de nice et aller à lamothe-landerron,1
comment se procurer un billet pour départ de nice et aller à volvic,1
comment se procurer un billet pour sortir de nice et aller à cérons,1
comment se procurer un billet pour décoller de nice et aller à sains du nord,1
comment obtenir un billet pour décoller de nice et aller à luc-en-diois ?,1
comment se procurer un billet pour repartir de nice et aller à thiaville,1
comment se procurer un billet pour partir de nice et aller à baroncourt,1
comment se procurer un billet pour partir à brion-laizy et aller à brion-laizy,1
comment obtenir un billet pour aller à sains du nord et tournemire-roquefort à brest ?,1
comment se procurer un billet pour partir depuis nice et aller à longueil-annel,1
comment obtenir un billet pour partir de nice et aller à baroncourt ?,1
comment se procurer un billet pour partir pour nice et aller à cap-d'ail,1
comment obtenir un billet pour partir pour nice et aller à cérons ?,1
comment se procurer un billet pour partir vers nice et aller à baroncourt,1
comment obtenir un billet pour aller à romilly-la-puthenaye et aller à baroncourt ?,1
comment se procurer un billet pour partir de thiaville et aller à cap-d'ail,1
comment obtenir un billet pour quitter romilly-la-puthenaye et aller à lamothe-landerron ?,1
comment se procurer un billet pour partir de luc-en-diois et aller à volvic,1
comment obtenir un billet pour partir de brion-laizy et aller à chambéry-chal.-les-eaux ?,1
comment se procurer un billet pour partir de cérons et aller à romilly-la-puthenaye,1
comment obtenir un billet pour partir de chambéry-chal.-les-eaux et aller à longueil-annel ?,1
comment se procurer un billet pour partir de baroncourt et aller à longueil-annel,1
comment obtenir un billet pour quitter templeuve et aller à sains du nord ?,1
comment se procurer un billet pour partir de romilly-la-puthenaye et aller à longpré-corps-saints,1
comment obtenir un billet pour quitter longueil-annel et aller à longpré-corps-saints ?,1
comment se procurer un billet pour partir de nice pour aller à cap-d'ail,1
comment obtenir un billet pour partir de nice pour aller à longpré-corps-saints ?,1
comment se procurer un billet pour partir de nice et aller à romilly-la-puthenaye,1
comment obtenir un billet pour partir de nice et aller à brion-laizy ?,1
comment se procurer un billet pour partir de nice ou aller à bons-en-chablais,1
comment obtenir un billet pour partir nice ou aller à luc-en-diois ?,1
comment se procurer un billet pour partir de nice - aller à longueil-annel,1
comment obtenir un billet pour partir nice - aller à chambéry-chal.-les-eaux ?,1
comment se procurer un billet pour partir de nice puis aller à sains du nord,1
comment obtenir un billet pour partir de nice puis aller à volvic ?,1
comment se procurer un billet pour partir de nice et arriver à lamothe-landerron,1
comment obtenir un billet pour partir de nice et arriver à templeuve ?,1
comment se procurer un billet pour partir de nice et revenir à thiaville,1
comment obtenir un billet pour partir de nice et revenir à templeuve ?,1
comment se procurer un billet pour partir de nice et rentrer à cap-d'ail,1
comment obtenir un billet pour partir de nice et revenir à thiaville ?,1
comment se procurer un billet pour partir de nice et rester à tournemire-roquefort,1
comment obtenir un billet pour partir de nice et rester à bons-en-chablais ?,1
comment se procurer un billet pour partir de nice et aller à volvic,1
comment se procurer un billet pour partir de nice et aller vers cap-d'ail,1
comment se procurer un billet pour partir de nice et aller a brest?,1
comment se procurer un billet pour partir de nice et aller sur longpré-corps-saints,1
comment se procurer un billet pour partir de nice et aller de thiaville,1
comment obtenir un billet pour partir de nice et aller à bons-en-chablais,1
comment obtenir un billet pour partir de nice et aller à cap-d'ail,1
comment obtenir un billet pour partir de nice et aller à tournemire-roquefort,1
comment obtenir un billet pour partir de nice et aller à templeuve,1
comment obtenir un billet pour partir de nice et aller à baroncourt,1
comment voyager de cap-d'ail à nantes?,1
Comment se rendre de sains du brion-laizy à Nantes ?,1
Comment voyager de lamothe-landerron à nantes?,1
Comment voyager de templeuve à longueil-annel ?,1
comment voyager de brion-laizy à nantes?,1
Comment se rendre de brion-laizy à volvic ?,1
Pourquoi voyager de brion-laizy à nantes?,1
Pourquoi voyager de romilly-la-puthenaye à lamothe-landerron ?,1
Où voyager de longueil-annel à nantes?,1
Où se rendre de thiaville à romilly-la-puthenaye ?,1
Quand voyager de montaignac-st-hippolyte à nantes?,1
Quand voyager de bons-en-chablais à lamothe-landerron ?,1
comment voyager de longpré-corps-saints à nantes?,1
Comment se rendre de thiaville à luc-en-diois ?,1
comment aller de romilly-la-puthenaye à nantes?,1
comment aller de volvic à nantes?,1
comment déménager de tournemire-roquefort à nantes?,1
comment déménager de thiaville à nantes?,1
comment passer de longueil-annel à longueil-annel,1
comment aller de donjeux à nantes?,1
comment sortir de paris à nantes?,1
comment sortir de paris a nantes ?,1
comment voyager de bons-en-chablais à nantes?,1
Comment se rendre de donjeux à brion-laizy ?,1
comment voyager depuis sains du longpré-corps-saints à nantes?,1
Comment se rendre de templeuve à chambéry-chal.-les-eaux ?,1
comment voyager entre chambéry-chal.-les-eaux à brion-laizy,1
comment se déplacer entre tournemire-roquefort et templeuve ?,1
comment voyager du brion-laizy à nantes?,1
Comment se rendre de sains du volvic à Nantes ?,1
comment voyager à sains du brion-laizy à nantes?,1
Comment se rendre de brion-laizy à baroncourt ?,1
comment voyager de montaignac-st-hippolyte à nantes?,1
Comment se rendre de cap-d'ail à tournemire-roquefort ?,1
comment voyager de romilly-la-puthenaye à templeuve,1
comment voyager de longueil-annel à cérons,1
comment voyager de volvic à romilly-la-puthenaye,1
Comment se rendre de cérons à montaignac-st-hippolyte ?,1
comment voyager de brion-laizy à brion-laizy,1
Comment voyager de thiaville à cérons ?,1
comment voyager de cap-d'ail à bons-en-chablais,1
comment voyager de bons-en-chablais à lamothe-landerron,1
comment voyager de volvic à nantes?,1
Comment se rendre de thiaville à brion-laizy ?,1
comment voyager de tournemire-roquefort a nantes?,1
Comment se rendre de brion-laizy à lamothe-landerron ?,1
comment voyager de thiaville vers nantes?,1
Comment se rendre de longpré-corps-saints à longueil-annel ?,1
comment voyager de cérons sur nantes?,1
Comment se rendre de longpré-corps-saints à chambéry-chal.-les-eaux ?,1
comment voyager de volvic et tournemire-roquefort,1
comment voyager depuis longpré-corps-saints et volvic ?,1
comment voyager de brion-laizy à lyon,1
comment voyager de templeuve à lyon,1
comment voyager de longueil-annel à lamothe-landerron,1
comment voyager de cap-d'ail à donjeux,1
comment voyager de montaignac-st-hippolyte à marseille,1
comment voyager de lamothe-landerron à marseille,1
comment voyager de tournemire-roquefort à toulouse,1
comment voyager de luc-en-diois à toulouse,1
comment voyager de longpré-corps-saints à bordeaux,1
comment voyager de brion-laizy à bordeaux,1
trajet brest rennes,1
itinéraire brest rennes,1
rencontre brest rennes,1
rencontres tournemire-roquefort rennes,1
rencontre rennes de brest,1
longueil-annel brest rennes,1
hôtel brest rennes,1
prostituée brest rennes,1
prostituées brest rennes,1
trajet sains du nord rennes,1
voyage de paris à rennes,1
trajet train rennes,1
voyage en train de rennes,1
trajet hotel rennes,1
Séjour hôtel à lamothe-landerron,1
trajet avion rennes,1
voyage en avion rennes,1
trajet bus rennes,1
voyage en bus rennes,1
trajet brest nantes,1
voyage brest nantes,1
trajet brest bordeaux,1
route brest bordeaux,1
trajet brest paris,1
itinéraire brest paris,1
trajet brest bretagne,1
voyage bretagne brest,1
comment faire le trajet challans orvault?,1
comment se rendre à challans ou voûte ?,1
Comment faire le trajet challans orvault?,1
Comment se rendre à challans ou voûte ?,1
Où faire le trajet challans orvault?,1
Où faire le trajet à challans ou voûte ?,1
Pourquoi faire le trajet challans orvault?,1
Pourquoi faire le voyage challans ou voûte ?,1
Quand faire le trajet challans orvault?,1
Quand voyager challans ou voûte ?,1
comment calculer le trajet challans orvault?,1
comment calculer l'itinéraire challans orvault ?,1
comment trouver le trajet challans orvault?,1
comment trouver l'itinéraire challans ou voûte ?,1
comment effectuer le trajet challans orvault?,1
comment organiser le trajet challans orvault?,1
comment organiser le voyage à challans ou voûte ?,1
comment faire un trajet challans orvault?,1
comment faire un voyage à challans ou voûte ?,1
comment faire ce trajet challans orvault?,1
comment faire ce trajet challans orvault ?,1
comment faire votre trajet challans orvault?,1
comment faire son voyage à challans ou voûte ?,1
comment faire mon trajet challans orvault?,1
Comment se rendre à brion-laizy ou montaignac-st-hippolyte ?,1
comment faire le puzzle challans orvault?,1
comment faire le puzzle challans ou voûte ?,1
comment faire le moulin challans orvault?,1
comment faire le moulin challans ou voûte ?,1
comment faire le jardin challans orvault?,1
comment faire le jardin challans ou voûte ?,1
comment faire le barbecue challans orvault?,1
comment faire un barbecue challans ou voûte ?,1
comment faire le pont challans orvault?,1
comment faire le pont challans ou voûte ?,1
comment faire le trajet paris orvault?,1
comment se rendre à montaignac-st-hippolyte orvault?,1
comment faire le trajet vers orvault?,1
comment se rendre à orvault?,1
comment faire le trajet bordeaux orvault?,1
comment se rendre à thiaville orvault ?,1
comment faire le trajet nantes orvault?,1
comment se rendre à montaignac-st-hippolyte orvault ?,1
comment faire le trajet domicile orvault?,1
comment faire le voyage de retour ou le coffre-fort ?,1
comment faire le trajet challans paris,1
comment se rendre à challans paris,1
comment faire le trajet challans lyon,1
comment se rendre à challans lyon,1
comment faire le trajet challans bordeaux,1
comment se rendre à challans bordeaux,1
comment faire le trajet challans?,1
comment faire le parcours de challans ?,1
comment faire le trajet challans toulouse,1
comment voyager depuis challans toulouse,1
combien de temps pour faire le voyage de baroncourt à volvic,1
combien de temps faut-il pour aller de lamothe-landerron à longpré-corps-saints ?,1
Combien de temps pour faire le voyage de thiaville à baroncourt,1
Combien de temps faut-il pour voyager de baroncourt à tournemire-roquefort ?,1
Besoin de temps pour faire le voyage de cérons à baroncourt,1
Besoin de temps pour voyager de baroncourt à brion-laizy ?,1
Manque de temps pour faire le voyage de donjeux à sains du nord,1
Vous manquez de temps pour vous rendre de cérons à sains du nord ?,1
combien de temps pour faire le voyage de thiaville à luc-en-diois,1
combien de temps faut-il pour aller de donjeux à longpré-corps-saints ?,1
manque de temps pour faire le voyage de luc-en-diois à sains du nord,1
manque de temps pour voyager de romilly-la-puthenaye à cap-d'ail ?,1
combien de temps pour faire le voyage de cérons à thiaville,1
combien de temps faut-il pour aller de tournemire-roquefort à donjeux ?,1
combien le temps pour faire le voyage de thiaville à donjeux,1
combien de temps faut-il pour aller de brion-laizy à donjeux ?,1
combien du temps pour faire le voyage de baroncourt à chambéry-chal.-les-eaux,1
combien de temps faut-il pour aller de tournemire-roquefort à templeuve ?,1
combien d temps pour faire le voyage de bons-en-chablais à volvic,1
combien de temps faut-il pour aller de baroncourt à cérons ?,1
combien en temps pour faire le voyage de lamothe-landerron à thiaville,1
combien de temps pour aller de tournemire-roquefort à cap-d'ail,1
combien de temps pour faire le voyage de montaignac-st-hippolyte à volvic,1
combien de temps faut-il pour aller de chambéry-chal.-les-eaux à longueil-annel ?,1
combien de personnes pour faire le voyage de montaignac-st-hippolyte à thiaville,1
combien de personnes pour voyager de brion-laizy à bons-en-chablais ?,1
combien de jours pour faire le voyage de baroncourt à longpré-corps-saints,1
Combien de jours pour voyager de longueil-annel à cérons ?,1
combien de personne pour faire le voyage de longueil-annel à cérons,1
combien de personnes pour voyager de montaignac-st-hippolyte à bons-en-chablais ?,1
combien de minutes pour faire le voyage de montaignac-st-hippolyte à chambéry-chal.-les-eaux,1
combien de minutes pour aller de chambéry-chal.-les-eaux à donjeux ?,1
combien de temps pour faire le voyage de chambéry-chal.-les-eaux à thiaville,1
combien de temps faut-il pour aller de chambéry-chal.-les-eaux à luc-en-diois ?,1
combien de temps faut faire le voyage de longpré-corps-saints à baroncourt,1
combien de temps aller faire le voyage de cap-d'ail à cérons,1
combien de temps pour aller de chambéry-chal.-les-eaux à templeuve,1
combien de temps peut faire le voyage de cérons à donjeux,1
combien de temps le trajet de nice à longpré-corps-saints peut-il durer ?,1
combien de temps environ faire le voyage de volvic à chambéry-chal.-les-eaux,1
Combien de temps faut-il environ pour se rendre de bons-en-chablais à sains du nord ?,1
combien de temps pour faire le voyage de montaignac-st-hippolyte à longpré-corps-saints,1
combien de temps faut-il pour aller de volvic à romilly-la-puthenaye ?,1
combien de temps pour réserver le voyage de longpré-corps-saints à bons-en-chablais,1
combien de temps pour réserver le trajet de nice à longueil-annel ?,1
combien de temps pour organiser le voyage de bons-en-chablais à longueil-annel,1
combien de temps pour organiser le trajet de nice à thiaville ?,1
combien de temps pour préparer le voyage de sains du volvic à lyon?,1
combien de temps pour préparer le voyage de sains du baroncourt à lyon ?,1
combien de temps pour effectuer le voyage de romilly-la-puthenaye à luc-en-diois,1
combien de temps pour aller de donjeux à romilly-la-puthenaye,1
combien de temps pour faire un voyage de longueil-annel à sains du nord,1
combien de temps pour aller de tournemire-roquefort à volvic,1
combien de temps pour faire le voyage de luc-en-diois à templeuve,1
combien de temps faut-il pour aller de romilly-la-puthenaye à chambéry-chal.-les-eaux ?,1
combien de temps pour faire ce voyage de cérons à sains du nord,1
combien de temps pour faire ce trajet de nice à longpré-corps-saints ?,1
combien de temps pour faire votre voyage de thiaville à templeuve,1
combien de temps pour faire votre voyage de sains du chambéry-chal.-les-eaux à lyon?,1
combien de temps pour faire mon voyage de lamothe-landerron à thiaville,1
combien de temps pour faire mon trajet de cérons à sains du nord,1
combien de temps pour faire le trajet de sains du cap-d'ail à lyon?,1
combien de temps faut-il pour aller de templeuve à longueil-annel ?,1
combien de temps pour faire le transfert de cap-d'ail à longpré-corps-saints,1
combien de temps pour faire le transfert de luc-en-diois à brion-laizy ?,1
combien de temps pour faire le voyage de romilly-la-puthenaye à romilly-la-puthenaye,1
combien de temps faut-il pour aller de luc-en-diois à cap-d'ail ?,1
combien de temps pour faire le covoiturage de luc-en-diois à cérons,1
combien de temps pour covoiturer de brion-laizy à montaignac-st-hippolyte ?,1
combien de temps pour faire le train de longpré-corps-saints à brion-laizy,1
combien de temps pour prendre le train de volvic à brion-laizy,1
combien de temps pour faire le voyage de cap-d'ail à sains du nord,1
combien de temps faut-il pour aller de thiaville à brion-laizy ?,1
combien de temps pour faire le voyage depuis baroncourt à chambéry-chal.-les-eaux,1
combien de temps pour aller de baroncourt à sains du nord,1
combien de temps pour faire le voyage reliant sains du sains du nord à lyon?,1
combien de temps faut-il pour aller de bons-en-chablais à romilly-la-puthenaye ?,1
combien de temps pour faire le voyage entre cérons à longpré-corps-saints,1
combien de temps pour aller de brion-laizy à donjeux,1
combien de temps pour faire le voyage retour nice à cap-d'ail,1
combien de temps pour faire le trajet aller-retour de thiaville à sains du nord ?,1
combien de temps pour faire le voyage de paris à lyon?,1
combien de temps pour aller de sains du nord à lyon?,1
combien de temps pour faire le voyage de montaignac-st-hippolyte à cérons,1
combien de temps pour aller de longpré-corps-saints à sains du nord,1
combien de temps pour faire le voyage de bruxelles à tournemire-roquefort,1
combien de temps faut-il pour voyager de romilly-la-puthenaye à templeuve,1
combien de temps pour faire le voyage de templeuve à volvic,1
combien de temps pour aller de sains du tournemire-roquefort à lyon?,1
combien de temps pour faire le voyage de sains du luc-en-diois à lyon?,1
Combien de temps faut-il pour voyager de longueil-annel à baroncourt ?,1
combien de temps pour faire le voyage de bons-en-chablais à baroncourt,1
combien de temps faut-il pour aller de sains du bons-en-chablais à lyon ?,1
combien de temps pour faire le voyage de romilly-la-puthenaye a lyon?,1
combien de temps faut-il pour aller de volvic à montaignac-st-hippolyte ?,1
combien de temps pour faire le voyage de montaignac-st-hippolyte vers sains du nord,1
combien de temps pour aller de tournemire-roquefort à luc-en-diois,1
combien de temps pour faire le voyage de volvic et lyon?,1
combien de temps pour aller de bons-en-chablais à cérons,1
combien de temps pour faire le voyage de nice - lyon?,1
combien de temps faut-il pour aller de baroncourt à bons-en-chablais ?,1
combien de temps pour faire le voyage de longueil-annel à thiaville,1
combien de temps pour aller de longueil-annel à luc-en-diois,1
combien de temps pour faire le voyage de templeuve à lamothe-landerron,1
combien de temps pour aller de thiaville à bons-en-chablais,1
combien de temps pour faire le voyage de baroncourt à donjeux,1
combien de temps pour faire le voyage de thiaville à longueil-annel,1
combien de temps pour aller de montaignac-st-hippolyte a toulouse,1
combien de temps pour faire le voyage de tournemire-roquefort à montaignac-st-hippolyte,1
combien de temps pour aller de baroncourt à longueil-annel,1
je pars de cérons et je vais à calais,1
Je quitte baroncourt et vais à chambéry-chal.-les-eaux,1
Je pars de bons-en-chablais et je vais à calais,1
Je quitte chambéry-chal.-les-eaux et vais à lamothe-landerron,1
je pars de tournemire-roquefort et je vais à calais,1
Je quitte brion-laizy et vais à cap-d'ail,1
J pars de templeuve et je vais à calais,1
Je quitte bons-en-chablais et vais à lamothe-landerron,1
JE pars de cap-d'ail et je vais à calais,1
Je quitte sains du nord et lamothe-landerron à Calais,1
Tu pars de volvic et je vais à calais,1
Tu pars de longueil-annel et je vais à longueil-annel,1
je viens de longueil-annel et je vais à calais,1
je viens de romilly-la-puthenaye et je vais à calais,1
je suis de sains du nord et je vais à calais,1
Je viens de baroncourt et je vais à volvic,1
je reviens de longpré-corps-saints et je vais à calais,1
je reviens de longueil-annel et je vais à calais,1
je rentre de thiaville et je vais à calais,1
je reviens de luc-en-diois et je vais à calais,1
je sors de bons-en-chablais et je vais à calais,1
je pars bordeaux et je vais à calais,1
je pars de lamothe-landerron et je vais à calais,1
Je quitte cap-d'ail et vais à cap-d'ail,1
je pars à bons-en-chablais et je vais à calais,1
je pars pour baroncourt et je vais à calais,1
je pars pour chambéry-chal.-les-eaux et je vais à calais,1
je pars pour lamothe-landerron et je vais à calais,1
je pars vers chambéry-chal.-les-eaux et je vais à calais,1
Je pars pour bons-en-chablais et je vais à baroncourt,1
je pars sur luc-en-diois et je vais à calais,1
Je pars pour chambéry-chal.-les-eaux et je vais à cap-d'ail,1
je pars de donjeux et je vais à calais,1
Je quitte cap-d'ail et vais à templeuve,1
je pars de bons-en-chablais et je vais à calais,1
je pars de longueil-annel et je vais à calais,1
je pars de grenoble et je vais à calais,1
je pars de cap-d'ail et je vais à calais,1
je pars de thiaville et je vais à calais,1
je pars de volvic et je vais à calais,1
Je quitte romilly-la-puthenaye et vais à brion-laizy,1
je pars de cérons demain je vais à romilly-la-puthenaye,1
Je pars demain de lamothe-landerron je vais à romilly-la-puthenaye,1
je pars de volvic mais je vais à calais,1
Je quitte cap-d'ail mais je vais à chambéry-chal.-les-eaux,1
je pars de templeuve donc je vais à volvic,1
Je quitte tournemire-roquefort donc je vais à luc-en-diois,1
je pars de cap-d'ail puis je vais à longpré-corps-saints,1
Je pars longueil-annel puis je vais à bons-en-chablais,1
Je quitte donjeux et vais à sains du nord,1
je pars de volvic et j vais à baroncourt,1
Je quitte longpré-corps-saints et vais à templeuve,1
je pars de cap-d'ail et ensuite vais à lamothe-landerron,1
Je quitte luc-en-diois puis je vais à longpré-corps-saints,1
je pars de bons-en-chablais et y vais à tournemire-roquefort,1
Je quitte donjeux et vais à luc-en-diois,1
je pars de cap-d'ail et puis vais à calais,1
Je quitte brion-laizy puis je vais à baroncourt,1
Je quitte cap-d'ail et vais à lamothe-landerron,1
je pars de longpré-corps-saints et je suis à longpré-corps-saints,1
Je quitte baroncourt et je suis à luc-en-diois,1
je pars de volvic et je vis à sains du nord,1
Je quitte sains du nord et cérons à Calais,1
je pars de cérons et je rentre à longueil-annel,1
Je quitte volvic et je reviens à cap-d'ail,1
je pars de romilly-la-puthenaye et je reviens à lamothe-landerron,1
Je quitte brion-laizy et je reviens à chambéry-chal.-les-eaux,1
je pars de brion-laizy et je vais vers calais,1
Je quitte longueil-annel et vais à tournemire-roquefort,1
je pars de sains du nord et je vais sur calais,1
Je quitte romilly-la-puthenaye et vais à cap-d'ail,1
Je quitte thiaville et vais à sains du nord,1
je pars de romilly-la-puthenaye et je vais a calais,1
Je quitte donjeux et vais à volvic,1
je pars de cap-d'ail et je vais dans baroncourt,1
Je quitte tournemire-roquefort et vais à templeuve,1
je pars de lamothe-landerron et je vais à templeuve,1
Je quitte donjeux et je vais à baroncourt,1
je pars de baroncourt et je vais à thiaville,1
Je quitte tournemire-roquefort et je vais à thiaville,1
je pars de lamothe-landerron et je vais à lyon,1
Je quitte cérons et vais à brion-laizy,1
je pars de donjeux et je vais à grenoble,1
Je quitte chambéry-chal.-les-eaux et je vais à longpré-corps-saints,1
je pars de tournemire-roquefort et je vais à marseille,1
Je quitte luc-en-diois et je vais à cérons,1
bonjour j'aime voyager.,0
Oui j'aime voyager.,0
Moi j'aime voyager.,0
"Moi, j'aime voyager.",0
Et j'aime voyager.,0
Mais j'aime voyager.,0
Personnellement j'aime voyager.,0
bonjour adore voyager.,0
bonjour aime voyager.,0
bonjour pour voyager.,0
bonjour voyager.,0
bonjour aimant voyager.,0
bonjour et voyager.,0
bonjour et voyage.,0
bonjour j'aime beaucoup,0
bonjour j'aime bien,0
bonjour j'aime lire,0
bonjour j'aime aussi,0
bonjour j'aime bien aussi,0
bonjour j'aime tout,0
je cherche à acheter une voiture.,0
Je cherche à acheter une voiture.,0
Particulier cherche à acheter une voiture.,0
Femme cherche à acheter une voiture.,0
La femme cherche à acheter une voiture.,0
Madame cherche à acheter une voiture.,0
je recherche à acheter une voiture.,0
je songe à acheter une voiture.,0
Je pense acheter une voiture.,0
je pense à acheter une voiture.,0
je cherchais à acheter une voiture.,0
Je cherchais à acheter une voiture.,0
je cherche a acheter une voiture.,0
je cherche comment acheter une voiture.,0
Je cherche comment acheter une voiture.,0
je cherche ou acheter une voiture.,0
Je cherche où acheter une voiture.,0
je cherche pour acheter une voiture.,0
je cherche à acquérir une voiture.,0
je cherche à louer une voiture.,0
Je cherche à louer une voiture.,0
je cherche à vendre une voiture.,0
Je cherche à vendre une voiture.,0
je cherche à restaurer une voiture.,0
Je cherche à restaurer une voiture.,0
je cherche à acheter ma voiture.,0
Je cherche à acheter ma voiture.,0
je cherche à acheter un voiture.,0
je cherche à acheter cette voiture.,0
Je cherche à acheter cette voiture.,0
je cherche à acheter nouvelle voiture.,0
Je cherche à acheter une nouvelle voiture.,0
je cherche à acheter une...,0
Je cherche à acheter un...,0
je cherche à acheter une voiture,0
Je cherche à acheter une voiture,0
je cherche à acheter une imprimante,0
Je cherche à acheter une imprimante,0
je cherche à acheter une moto,0
Je cherche à acheter une moto,0
je cherche à acheter une machine,0
Je cherche à acheter une machine,0
j'adore faire du bateau à marseille.,0
J'adore faire du bateau à Marseille.,0
comment faire du bateau à marseille.,0
Comment faire du bateau à marseille.,0
Comment faire du bateau à Marseille.,0
Où faire du bateau à marseille.,0
Où faire du bateau à Marseille.,0
ou faire du bateau à marseille.,0
Venez faire du bateau à marseille.,0
Venez faire du bateau à Marseille.,0
j'adore voir du bateau à marseille.,0
J'adore voir des bateaux à Marseille.,0
j'adore louer du bateau à marseille.,0
J'adore louer un bateau à Marseille.,0
j'adore descendre du bateau à marseille.,0
j'adore jouer du bateau à marseille.,0
J'adore jouer au bateau à Marseille.,0
j'adore faire un bateau à marseille.,0
j'adore faire le bateau à marseille.,0
j'adore faire des bateau à marseille.,0
j'adore faire mon bateau à marseille.,0
J'adore faire mon bateau à Marseille.,0
j'adore faire du shopping à marseille.,0
J'adore faire du shopping à Marseille.,0
j'adore faire du sport à marseille.,0
J'adore faire du sport à Marseille.,0
j'adore faire du roller à marseille.,0
J'adore faire du roller à Marseille.,0
j'adore faire du vélo à marseille.,0
J'adore faire du vélo à Marseille.,0
j'adore faire du ski à marseille.,0
J'adore skier à Marseille.,0
j'adore faire du bateau sur marseille.,0
j'adore faire du bateau depuis marseille.,0
j'aime la navigation de plaisance de marseille.,0
j'adore faire du bateau a marseille.,0
j'adore faire du bateau dans marseille.,0
j'adore faire du bateau à voile,0
j'aime la voile,0
j'adore faire du bateau à moteur,0
j'adore le motonautisme,0
j'adore faire du bateau à moteurs,0
j'adore faire du bateau à rame,0
j'adore l'aviron,0
j'adore faire du bateau à vapeur,0
J'aime faire du bateau à vapeur,0
la route entre nantes et bordeaux est jolie.,0
La route entre nantes et bordeaux est jolie.,0
La route entre Nantes et Bordeaux est jolie.,0
cette route entre nantes et bordeaux est jolie.,0
cette route entre Nantes et Bordeaux est jolie.,0
Cette route entre nantes et bordeaux est jolie.,0
Cette route entre Nantes et Bordeaux est jolie.,0
sa route entre nantes et bordeaux est jolie.,0
son parcours entre nantes et bordeaux est joli.,0
la situation entre nantes et bordeaux est jolie.,0
la rencontre entre nantes et bordeaux est jolie.,0
la balade entre nantes et bordeaux est jolie.,0
la promenade entre Nantes et Bordeaux est jolie.,0
la distance entre nantes et bordeaux est jolie.,0
la distance entre Nantes et Bordeaux est jolie.,0
la route de nantes et bordeaux est jolie.,0
la route reliant nantes et bordeaux est jolie.,0
la route vers nantes et bordeaux est jolie.,0
la route avec nantes et bordeaux est jolie.,0
la route avec Nantes et Bordeaux est jolie.,0
la route entre paris et bordeaux est jolie.,0
la route entre bordeaux et bordeaux est jolie.,0
la route entre lyon et bordeaux est jolie.,0
la route entre marseille et bordeaux est jolie.,0
la route entre toulouse et bordeaux est jolie.,0
la route entre nantes est bordeaux est jolie.,0
la route entre Nantes et Bordeaux est jolie.,0
la route entre nantes & bordeaux est jolie.,0
la route entre nantes a bordeaux est jolie.,0
la route entre nantes à bordeaux est jolie.,0
la route entre nantes et paris est jolie.,0
la route entre nantes et rennes est jolie.,0
la route entre nantes et lyon est jolie.,0
la route entre nantes et marseille est jolie.,0
la route entre nantes et bordeaux très jolie.,0
la route entre Nantes et Bordeaux très jolie.,0
la route entre nantes et bordeaux tres jolie.,0
la route entre nantes et bordeaux vraiment jolie.,0
la route entre nantes et bordeaux était jolie.,0
la route entre Nantes et Bordeaux était jolie.,0
la route entre nantes et bordeaux est longue,0
la route entre nantes et bordeaux est...,0
la route entre nantes et bordeaux est interminable,0
la route entre nantes et bordeaux est magnifique,0
la route entre nantes et bordeaux est étroite,0
je suis né à rennes mais je vis maintenant à angers.,0
Je suis né à Rennes mais je vis maintenant à Angers.,0
Je suis né à rennes mais je vis maintenant à angers.,0
Je suis né à Rennes mais j'habite maintenant à Angers.,0
J suis né à rennes mais je vis maintenant à angers.,0
j suis né à rennes mais je vis maintenant à angers.,0
JE suis né à rennes mais je vis maintenant à angers.,0
je sui né à rennes mais je vis maintenant à angers.,0
je serais né à rennes mais je vis maintenant à angers.,0
Je serais né à Rennes mais je vis maintenant à Angers.,0
je serai né à rennes mais je vis maintenant à angers.,0
je étais né à rennes mais je vis maintenant à angers.,0
je suis née à rennes mais je vis maintenant à angers.,0
je suis actuellement à rennes mais je vis maintenant à angers.,0
Je suis actuellement à Rennes mais j'habite désormais à Angers.,0
je suis étudiant à rennes mais je vis maintenant à angers.,0
Je suis étudiante à Rennes mais j'habite maintenant à Angers.,0
je suis originaire à rennes mais je vis maintenant à angers.,0
Je suis originaire de Rennes mais j'habite maintenant à Angers.,0
je suis né a rennes mais je vis maintenant à angers.,0
je suis né à rennes mais j'habite maintenant à angers.,0
je suis né sur rennes mais je vis maintenant à angers.,0
je suis né aux rennes mais je vis maintenant à angers.,0
je suis né aux rennes mais j'habite maintenant à angers.,0
je suis né en rennes mais je vis maintenant à angers.,0
je suis né dans le renne mais je vis maintenant dans les colères.,0
je suis né à paris mais je vis maintenant à angers.,0
Je suis né à Paris mais je vis maintenant à Angers.,0
je suis né à bordeaux mais je vis maintenant à angers.,0
Je suis né à Bordeaux mais je vis maintenant à Angers.,0
je suis né à marseille mais je vis maintenant à angers.,0
je suis né à marseille mais j'habite maintenant à angers.,0
je suis né à nantes mais je vis maintenant à angers.,0
Je suis né à Nantes mais je vis maintenant à Angers.,0
je suis né à montpellier mais je vis maintenant à angers.,0
Je suis né à Montpellier mais j'habite maintenant à Angers.,0
je suis né à rennes et je vis maintenant à angers.,0
Je suis né à Rennes et j'habite maintenant à Angers.,0
je suis né à rennes ou je vis maintenant à angers.,0
je suis née à rennes où j'habite maintenant à colères.,0
je suis né à rennes où je vis maintenant à angers.,0
Je suis né à Rennes où je vis désormais à Angers.,0
je suis né à rennes puis je vis maintenant à angers.,0
Je suis né à Rennes puis j'habite désormais à Angers.,0
je suis né à rennes mais j vis maintenant à angers.,0
je suis né à rennes mais Je vis maintenant à angers.,0
je suis né à rennes mais qui vis maintenant à angers.,0
Je suis né à Rennes mais j'habite désormais à Angers.,0
je suis né à rennes mais il vis maintenant à angers.,0
Je suis né à Rennes mais il vit maintenant à Angers.,0
je suis né à rennes mais je réside maintenant à angers.,0
je suis né à rennes mais je travaille maintenant à angers.,0
Je suis né à Rennes mais je travaille maintenant à Angers.,0
je suis né à rennes mais je suis maintenant à angers.,0
Je suis né à Rennes mais je suis maintenant à Angers.,0
je suis né à rennes mais je vie maintenant à angers.,0
je suis né à rennes mais je vis actuellement à angers.,0
Je suis né à Rennes mais je vis actuellement à Angers.,0
je suis né à rennes mais je vis désormais à angers.,0
je suis né à rennes mais je vis présentement à angers.,0
je suis né à rennes mais je vis toujours à angers.,0
Je suis né à Rennes mais j'habite toujours à Angers.,0
je suis né à rennes mais je vis maintenant sur angers.,0
je suis né à rennes mais je vis maintenant a angers.,0
je suis né à rennes mais je vis maintenant dans angers.,0
je suis né à rennes mais je vis maintenant vers angers.,0
Je suis né à Rennes mais j'habite maintenant près d'Angers.,0
je suis né à rennes mais je vis maintenant à paris,0
je suis né à rennes mais j'habite maintenant à paris,0
je suis né à rennes mais je vis maintenant à bordeaux,0
je suis né à rennes mais je vis maintenant à nantes,0
je suis né à rennes mais j'habite maintenant à nantes,0
je suis né à rennes mais je vis maintenant à lyon,0
je suis né à rennes mais j'habite maintenant à lyon,0
je suis né à rennes mais je vis maintenant à montpellier,0
je suis né à rennes mais j'habite maintenant à montpellier,0
quelle heure est-il?,0
Quelle heure est-il?,0
Quel heure est-il?,0
Cette heure est-il?,0
Est-ce l'heure ?,0
Votre heure est-il?,0
Votre temps est-il venu ?,0
quelle langue est-il?,0
c'est quelle langue?,0
quelle version est-il?,0
c'est quelle version ?,0
quelle taille est-il?,0
quelle taille est-ce?,0
quelle couleur est-il?,0
quelle couleur est-ce?,0
quelle marque est-il?,0
Quelle marque est-ce?,0
quelle heure?,0
quelle heure choisir,0
quelle heure??,0
quelle heure???,0
quelle heure est,0
Quelle heure est,0
je veux faire du vélo,0
Je veux faire du vélo,0
Tu veux faire du vélo,0
tu veux faire du vélo,0
JE veux faire du vélo,0
je voudrais faire du vélo,0
je souhaite faire du vélo,0
je souhaiterais faire du vélo,0
je voudrai faire du vélo,0
je veux acheter du vélo,0
je veux acheter un vélo,0
je veux apprendre du vélo,0
Je veux apprendre à faire du vélo,0
je veux refaire du vélo,0
Je veux refaire du vélo,0
je veux fair du vélo,0
je veux faire un vélo,0
je veux faire mon vélo,0
je veux faire le vélo,0
je veux faire ce vélo,0
je veux faire du sport,0
je veux faire du yoga,0
je veux faire du piano,0
je veux jouer du piano,0
je veux faire du roller,0
je veux acheter un cadeau,0
Je veux acheter un cadeau,0
Tu veux acheter un cadeau,0
tu veux acheter un cadeau,0
JE veux acheter un cadeau,0
je souhaite acheter un cadeau,0
je voudrais acheter un cadeau,0
Je voudrais acheter un cadeau,0
je souhaiterais acheter un cadeau,0
je désire acheter un cadeau,0
je veux offrir un cadeau,0
Je veux faire un cadeau,0
je veux faire un cadeau,0
je veux recevoir un cadeau,0
Je veux recevoir un cadeau,0
je veux gagner un cadeau,0
je veux avoir un cadeau,0
je veux acheter mon cadeau,0
Je veux acheter mon cadeau,0
je veux acheter des cadeau,0
Je veux acheter des cadeaux,0
je veux acheter ce cadeau,0
je veux acheter en cadeau,0
Je veux acheter en cadeau,0
je veux acheter un...,0
Je veux acheter un...,0
je veux acheter un ordinateur,0
je veux acheter un aspirateur,0
Je veux acheter un aspirateur,0
je veux acheter un drone,0
je veux trouver un trajet,0
Je veux trouver un moyen,0
Je veux trouver un trajet,0
Tu veux trouver un trajet,0
Vous voulez trouver un moyen,0
tu veux trouver un trajet,0
tu veux trouver un moyen,0
JE veux trouver un trajet,0
je voudrais trouver un trajet,0
je voudrais trouver un moyen,0
je souhaite trouver un trajet,0
Je veux trouver un itinéraire,0
je souhaiterais trouver un trajet,0
je voudrai trouver un trajet,0
je veux faire un trajet,0
je veux faire un voyage,0
je veux réserver un trajet,0
Je veux réserver un tour,0
je veux avoir un trajet,0
je veux faire un tour,0
je veux partager un trajet,0
Je veux partager un voyage,0
je veux trouver le trajet,0
je veux trouver le chemin,0
je veux trouver mon trajet,0
je veux trouver mon chemin,0
je veux trouver ce trajet,0
Je veux trouver cet itinéraire,0
je veux trouver votre trajet,0
Je veux trouver ton itinéraire,0
je veux trouver un emploi,0
je veux trouver un travail,0
Je veux trouver un emploi,0
je veux trouver un logement,0
Je veux trouver un logement,0
je veux trouver un appartement,0
Je veux trouver un appartement,0
je veux trouver un partenaire,0
